MAV,MAV1,MAV2,SSI,VAR,TM3,TM4,TM5,LOG,RMS,WL,AAC,AFB,MYOP,WAMP,SSC,label
6.028553581034588,5.396637471912048,5.459204650619827,151598.21208958008,94.8081376420138,21.54692195498255,55182.65744649245,17935.980534590817,415.1141659341805,9.73390376755326,11795.364276178927,7.372102672611829,0.0042718237902340805,0.99125,800.0,400.0,1
0.4459553671909842,0.33427596057836156,0.22017533390259103,503.5285882125322,0.3149021814962678,0.03361978295117675,0.29823160934899184,0.11412190439274814,1.5619817493448132,0.5609860672359276,804.4759587558921,0.5027974742224326,0.06482328277064511,0.988125,786.0,338.0,4
8.22706809598343,6.932964310274911,7.1308857076755885,295751.717102963,184.96042345401065,381.66010022736504,248257.18684163623,2410998.3534932393,3740.849845391131,13.595764899017338,15796.333014364394,9.872708133977747,0.19916164380523682,0.990625,809.0,378.0,1
0.5003282484032813,0.3729463003166127,0.24554942085455903,618.0786922744255,0.38654077065317416,0.022241811182206046,0.4239087542270555,0.05283206507844531,1.649262549656808,0.6215297118171552,965.8174728093354,0.6036359205058347,0.05767664846375744,0.98625,782.0,361.0,4
8.26391474847106,7.492571964519515,7.681053476356076,276144.3724148781,172.6981691149957,176.42626736552018,146375.82612959144,378257.0374250688,3881.258549585299,13.137360189904927,16819.74265171087,10.512339157319293,0.07325894819704079,0.991875,799.0,371.0,0
0.45833757907597616,0.3369926078217685,0.21417992663268415,533.0032860723232,0.3333353884129601,0.037339987812612545,0.3401185166883915,0.08832970179978293,1.5814427749519169,0.577171598222922,886.4878521231914,0.5540549075769946,-0.044588224043391786,0.98625,779.0,350.0,4
0.4998800567982079,0.37545340395868587,0.2575876366461609,615.6462573549147,0.38501954806436195,0.009152286464382707,0.423574477310637,0.03661926559137987,1.6485235296511416,0.6203054979982215,942.0250532503372,0.5887656582814608,-0.047302461333030246,0.99,798.0,381.0,4
5.3776596210142555,4.611403791949841,3.4681129145996077,113323.83675601098,70.87169278049467,111.22966481699306,33468.31256390775,111254.98681839228,216.51495494476407,8.415901494938428,9947.235739786382,6.217022337366489,-0.12238190539212221,0.995625,781.0,363.0,2
4.782129171217595,4.129400663407782,2.928084965692881,89393.35822734982,55.90579001085042,49.60489173475408,25582.347577530443,84249.3674301698,119.35821376257542,7.47468052107203,8879.812936605753,5.549883085378595,-0.11393954300786749,0.99625,811.0,360.0,2
6.464249343085086,5.506885709974975,3.467880777465477,165446.49495822156,103.46872730345314,181.53177155420198,61921.833037744895,417472.8199905333,641.7824241685701,10.168778655713206,12938.16911019578,8.086355693872363,0.0690839168187846,0.995625,808.0,388.0,0
6.79017409356833,6.126397520150256,4.595224114336088,210227.239196362,131.47419587014508,167.4135585654563,120731.69933942333,572647.5702603391,889.0683294361799,11.462636018723018,13049.086058208,8.155678786380001,0.03537517417509456,0.995,803.0,364.0,1
6.966716509065943,6.399040028969347,6.49752245896212,213457.66424907924,133.4944742020508,115.96997204056765,113721.85785505462,49404.800568941646,1060.7341153702012,11.550369697792124,13591.716514942864,8.49482282183929,0.0397279292165979,0.993125,803.0,397.0,0
7.517112147837524,6.142800189595885,6.24587464615591,223992.05583103758,140.08258651096784,70.3596796840161,102879.51309404417,191199.75651621417,1839.2481405654712,11.831949750332718,14423.011982044816,9.01438248877801,0.009990236222710613,0.9975,795.0,369.0,0
6.80632992822694,6.1584268948894305,6.259406419880724,188302.66580673086,117.76276785911874,94.66658927434834,80838.12084750946,294120.0354341606,903.5486260473385,10.848463768165832,12980.87957870606,8.113049736691288,0.1893949743557832,0.99375,780.0,410.0,1
1.3413415111747113,1.0464901981663512,0.725519691426659,5703.551140608259,3.5669488058838392,1.6325381820388054,69.65013960982112,116.10974577962416,3.824170232917793,1.8880464673519457,2630.285999744466,1.6439287498402915,0.05005678680488666,0.996875,774.0,385.0,4
0.44440821967278454,0.33127662090799775,0.22121112142555663,493.5388659625571,0.30865470041435716,0.029859524738109676,0.26736759730518017,0.028398972765983698,1.5595670016249876,0.5553933662068699,811.2220275222439,0.5070137672014025,0.005458352364708086,0.98625,792.0,357.0,4
6.211037358943454,5.481911137044649,5.646640895285817,157421.42181565735,98.44991983468252,155.38502949888948,52890.0680928311,31247.14025924864,498.2178140151502,9.919092127548057,11894.122015307219,7.433826259567012,0.19709086032212397,0.99625,803.0,326.0,1
7.12976386129245,6.275531307955072,6.080149526238016,209253.05229257813,130.86494827553355,58.38465044700702,116472.70199843767,27564.52367250986,1248.5820935372835,11.436046418358984,13825.133180756686,8.640708237972929,0.24805704767533857,0.99375,797.0,377.0,1
8.047726845765727,7.125291830257511,6.4284978349082555,267543.10079738306,167.3190123811026,479.11260977217813,178593.0844241301,1416707.6141033513,3126.679462368449,12.931142176867612,15679.815488228098,9.799884680142561,-0.01895570145807949,0.994375,798.0,386.0,1
0.41146906899192137,0.3129962610223664,0.2128094292093151,428.8814107865547,0.2682185183155439,0.012394478070712043,0.22504263900502675,0.017745648722854994,1.509033031173682,0.5177363052187829,755.0757645244919,0.4719223528278074,0.060739630111402376,0.9825,788.0,351.0,4
7.51168500634152,6.741827286240189,4.95801764938197,234178.83510863196,146.45330525868164,40.86469546326909,116393.65102223614,131935.318415912,1829.293318209067,12.09800694093432,13998.68359505535,8.749177246909595,-0.05718843017294499,0.990625,796.0,366.0,1
6.067088159899377,5.2249990695342685,3.4206307452389164,150008.4914696233,93.81394088156553,256.5840305711039,66209.19728428914,1170711.7355662987,431.4226171452407,9.68273242264365,11641.401436223417,7.2758758976396365,-0.030381453113113854,0.996875,782.0,371.0,2
7.031095130234643,5.960189124067695,4.108012411562995,187114.3555411453,117.01960946913402,373.253087089818,77894.68761208506,767891.0767463786,1131.2688187497356,10.814179220505633,13614.229612446012,8.508893507778758,0.0006752202875964855,0.993125,803.0,366.0,0
5.658284846253584,5.136880882883669,5.2362127890347665,145284.12196722394,90.85936333159721,134.64917111982948,62091.432475484165,683363.9246313971,286.65656060472475,9.529038578446148,10838.090486329307,6.773806553955817,0.04495398361253525,0.993125,810.0,378.0,1
8.51750701992987,6.857233857017376,3.5342040400245014,313214.1503070608,195.88126973549768,257.89196112981983,264293.86554804497,1340129.778068695,5001.569388814742,13.99138463276287,16520.211834931084,10.325132396831927,0.09668298226793423,0.994375,793.0,392.0,1
6.0679889941031515,5.441882333174869,4.0547081140027625,160320.26721593586,100.26283127950961,155.46204396045118,73853.2088463905,263464.97575422423,431.8114324978298,10.010003347150285,11789.294865393687,7.368309290871054,0.010455541167005776,0.993125,789.0,385.0,2
0.43166045663871105,0.32276842307190234,0.21929934436099813,466.7643274836549,0.2919101485201094,0.022386631590389595,0.27304008306931904,0.08162966899261524,1.5398121933809474,0.5401182321281928,815.6275194575159,0.5097671996609474,0.0053636543915286765,0.98625,777.0,378.0,4
2.582100359308048,2.1840333960157414,1.6175014229041176,25531.353328715606,15.967075252480054,10.090628415065709,2194.5512139577,12621.19379702663,13.224886021670876,3.9946333787279222,5007.732717873095,3.129832948670684,0.15562533354157948,0.993125,797.0,351.0,3
6.39889510622985,5.533470560096972,5.6833503093572775,174151.59732154227,108.9128188377375,219.53115793717757,143791.98311387905,5746874.637401937,601.1804302671518,10.432868652770622,12399.727794573317,7.749829871608323,0.026329201495985957,0.995,785.0,388.0,2
8.307725270717166,7.214573621889996,6.824256400736881,263562.6624226352,164.82968256575057,271.0073047498478,144768.9511023652,365124.0033439881,4055.078279155435,12.834588579855101,15770.208118992292,9.856380074370183,-0.13808258606476026,0.995,801.0,336.0,1
6.466012968773174,4.934778243735909,4.888961206224871,187354.67363830103,117.16990221282116,256.8605116812923,90531.13239315945,448687.90239169385,642.915286817193,10.821121523388328,12499.946630489232,7.81246664405577,-0.03465794681460013,0.995625,805.0,360.0,1
0.4231875186016045,0.3149951362176732,0.20947331859278268,466.13987196976706,0.29151961974344404,0.00942561247767973,0.2708081665174568,0.023065758042753827,1.5268205763835507,0.5397568155948607,779.0292161777494,0.4868932601110934,-0.030029164768158378,0.980625,763.0,351.0,4
6.852043431150193,5.577686244846614,3.060620932664961,186530.70686184624,116.65460091422528,68.62306463837956,77279.45717189,196574.17801167042,945.8116343010082,10.797300208323092,13373.185146498585,8.358240716561616,0.04497540111920521,0.9925,803.0,376.0,1
8.183961444818845,7.293267664323814,6.51864533580575,272429.2225470114,170.3747483095756,578.0689232179006,170163.08378557346,1040864.6703490252,3583.020521741035,13.048688213452037,15859.268201080222,9.91204262567514,-0.11465353410473828,0.994375,793.0,335.0,0
7.610666959576356,6.901551852174705,5.327229815292789,226838.00023394465,141.8624141550623,121.7299732727258,104353.58498373991,617101.0136342406,2019.6246566220975,11.906878270403851,15071.882935191186,9.419926834494492,-0.011520757825343255,0.991875,805.0,385.0,0
0.4901749042136149,0.3664623928907109,0.2517280294092165,608.7781448592405,0.38072429322028795,0.02743699868895009,0.4422676175855921,0.08416599994261142,1.6326017439091443,0.6168357484266175,956.028239152703,0.5975176494704394,-0.01279233939745928,0.98125,801.0,366.0,4
6.968766952871609,6.253787805434585,4.640420212638793,225815.18072755064,141.22275217482843,113.68111166079711,125614.34782363742,335447.4082173364,1062.9113224240707,11.880003701797367,13167.328373424192,8.22958023339012,-0.017974531613697352,0.990625,787.0,344.0,0
4.60463696983621,3.912608222828012,4.12333771148997,116405.95918778874,72.79922400737257,35.86004712088651,90902.49620352982,84311.33852533216,99.94669259825885,8.529579385430912,8860.486029181104,5.53780376823819,0.11502086565692643,0.99375,786.0,383.0,2
0.42334375073119573,0.31950639012994286,0.21563770024521914,458.41299598145895,0.28668730205219445,0.001026629053311404,0.26025443988875396,0.002353312623088484,1.5270591334483568,0.535264535055716,765.1919119288307,0.47824494495551917,0.03621952449197251,0.986875,781.0,364.0,4
6.3989565488086875,5.667247431120132,4.514000274614136,173300.18976731523,108.38035632727656,94.37456947886885,85181.02832577615,158182.5184212241,601.217369477951,10.407334846375033,12546.850193082972,7.841781370676857,0.02312334894693272,0.99375,784.0,393.0,2
2.8048691175614966,2.5082083269050894,2.519339644529596,31443.678921638733,19.664589694583324,4.085099333073325,2366.7510758707554,254.1444818686071,16.524912943616698,4.433091396082897,5371.629431603144,3.3572683947519653,0.036673906069723095,0.995625,800.0,382.0,3
6.0833840190145985,5.2821689661078555,5.53750791021341,157527.86530258346,98.51648861950186,88.95090941950808,67260.76833404,186224.58475568308,438.5106149867193,9.922445052209394,11876.71435014923,7.422946468843269,0.07301285891426833,0.993125,789.0,396.0,2
5.173307931377827,4.249055751769159,3.515079736934287,113964.85192144212,71.27257781203384,7.988417719099503,39485.81978906965,112830.44164627139,176.4977152230775,8.439670162447186,10111.044459828685,6.319402787392928,0.0541214053629947,0.995625,787.0,362.0,2
5.417290339895929,4.500868297428689,3.9586174934202516,140586.93342780377,87.92178450769467,141.69750855903334,77122.42770381307,879300.5225273398,225.2678953383575,9.373731028378048,10312.248453822434,6.445155283639021,0.07166415447800628,0.9925,790.0,397.0,2
5.273560268917932,4.294397037444895,3.9159038755586857,115424.32525921322,72.18531911145293,48.37182504349766,42007.236360503084,105818.35399860323,195.10936917841713,8.493538914198737,10212.175233527178,6.382609520954486,-0.04273652512463102,0.995625,795.0,363.0,2
8.7949370919116,8.104766064945856,8.233766613394598,343660.65795467544,214.92223762018477,677.7357395436675,318590.7519186227,1961358.0999957747,6600.7403232387605,14.655644346860774,16631.790472816447,10.39486904551028,0.030390433058214747,0.995,784.0,338.0,1
6.659337908265959,5.167135761558502,5.04038566471487,190173.9104136262,118.93302715048543,212.91197409531912,96026.25051973236,475306.2905231596,780.03431184888,10.902233441296163,12581.275083034743,7.863296926896715,0.013919375570891207,0.99625,798.0,340.0,1
1.9008615349815838,1.5810570619364517,1.0109711553851175,17501.114086763773,10.94503695232256,45.57271462086072,5087.412316392267,153757.0982763178,6.691657056214785,3.307294408459483,3733.5011210090092,2.333438200630631,-0.019412259312683443,0.99,780.0,350.0,3
8.329767313971185,7.658892735272563,7.667741483730886,290067.3464411786,181.4054699444519,185.45237456339734,191366.79443104952,987791.18896286,4145.452851071203,13.464475167110548,15744.746246294888,9.840466403934306,0.0020534100265728154,0.995625,782.0,363.0,1
4.735828102573508,3.665018298273452,2.943439377774215,107167.36056214312,67.0214887818281,242.43912758748309,77075.0375572502,1405868.3101579691,113.95778839333582,8.18410657013577,9055.588886687901,5.6597430541799385,0.07867057959292512,0.990625,790.0,377.0,2
1.129256312259599,0.84267780685357,0.5432629678912723,4056.374185046987,2.5368193777654704,0.48277309343916475,37.71222696279007,55.56999772710773,3.0933551541845263,1.592241773618054,2160.7753979502913,1.350484623718932,0.18248208726960738,0.993125,797.0,399.0,4
1.2860163300083682,1.0554336085882263,0.9859810163723881,8697.509543486596,5.439343054087928,15.329545963858573,1208.9840811163758,12122.07120497986,3.6183435202087524,2.331510983177888,2389.821387263699,1.493638367039812,0.05244561820171302,0.989375,788.0,343.0,3
7.169128303339421,6.414083898874294,4.6941038574887175,225615.6836645463,141.09798853317466,115.75291588603933,144603.0709417337,122736.51667543821,1298.71202630779,11.874754830746673,13386.17998164553,8.366362488528456,0.002456267517893025,0.993125,817.0,380.0,1
5.1833588733794675,4.31584313832422,3.7313135219095184,146390.19043204683,91.55108845031071,127.40370336051215,156852.22893519505,1398444.0096434632,178.28062849179315,9.565242758029159,10325.763835529606,6.453602397206004,0.02450957704781173,0.99375,806.0,387.0,2
7.7483377305094905,6.761292211577383,4.582906617779346,240035.08517160465,150.11575057636313,569.4981031769576,123230.89315821954,1316479.0788272219,2317.7165412543786,12.248343897533777,15386.229050734408,9.616393156709005,-0.04214545350803707,0.9925,789.0,341.0,0
1.6038810330482764,1.292677735198633,1.0239918414422322,9932.697917218455,6.211818584877082,3.7118563302183705,464.0027718178605,2389.6825329631765,4.972292657548605,2.491573036910926,3047.4307371675304,1.9046442107297066,0.051028907518612304,0.991875,802.0,368.0,3
0.46738070849304775,0.35279905810899287,0.2343983889545968,551.6335377684056,0.34498657771632624,0.014897870419578756,0.35648072199770653,0.016937595873592157,1.5958088257574883,0.5871720029984855,846.188203918875,0.5288676274492969,-0.021625098383795345,0.989375,789.0,343.0,4
6.890147580347279,6.043115170091518,5.700002586652472,184781.8979490564,115.56091178802777,121.29047803319715,70276.0294763195,215617.19502190858,982.5464110594329,10.746566252443627,13399.16955181493,8.374480969884331,0.007886264750013462,0.99375,805.0,380.0,0
0.42119607531840947,0.3146709113639591,0.2067597868549621,427.63370557428675,0.26743821486822184,0.0064908276299584155,0.19570290311826583,0.019830298257364567,1.5237830253612294,0.5169826553995107,740.092056971687,0.4625575356073044,0.041763174316194106,0.988125,795.0,343.0,4
6.897292278405585,6.142713267959034,6.150661915642944,185225.88845923354,115.83857939914543,35.78166253086669,69133.91058033427,1876.9615673431103,989.5915462071935,10.759469331106482,13526.989725842122,8.454368578651327,0.016229914838105618,0.994375,799.0,381.0,0
7.069007208573684,6.592837446295217,6.663606046162502,223738.57338145305,139.9240609014716,302.20492343043276,126955.98512170416,706443.156763704,1174.9809439991543,11.825252993632237,13709.945962267511,8.568716226417195,0.011906454998515156,0.991875,800.0,346.0,1
7.119532344662441,5.97728537503337,6.093275312118311,234850.71957090255,146.87349566660572,147.09191167394397,163248.68744031503,1214521.6710922231,1235.8723360065137,12.11534975689163,13742.899709127825,8.589312318204891,0.004792756570636304,0.99625,795.0,349.0,1
6.187727528013974,5.468779696860459,5.12691463977565,149474.67711456754,93.48009825801597,6.576043839600261,46522.83725654816,62827.57536081486,486.7387483010375,9.665488771738588,11751.327303937205,7.344579564960753,0.04642026536225148,0.998125,810.0,400.0,0
8.206691641208609,7.368600641019702,7.563853118117733,282434.26468362444,176.63181030870822,4.152985091388582,205465.9091888469,566332.8991971471,3665.3959399296323,13.286136211377078,15895.595901137278,9.934747438210799,0.2638500182240255,0.99625,787.0,403.0,1
0.4621439431832242,0.34527908363999726,0.2235681918239855,543.5708953635027,0.3399442747739229,0.003168391909464998,0.35896626876772414,0.02587485396041815,1.587473792811464,0.5828651727476855,905.9691226837916,0.5662307016773698,0.09842417246335236,0.984375,785.0,366.0,4
5.737963411970159,5.00645973720677,3.4726072412636624,138333.36631081693,86.51242420939145,125.0655597671531,55149.62450955371,290064.06057375035,310.43154558726644,9.298298443492797,11082.438615623623,6.926524134764764,-0.015276050693058475,0.99625,797.0,351.0,2
6.436472637945241,5.0752534595433465,4.476121195274415,183886.0587797647,115.00066215119743,28.509256685481272,132048.8136270578,38852.500909452145,624.2011286223895,10.72048444508703,12456.436373797469,7.785272733623418,0.09908015158586654,0.995625,774.0,375.0,2
1.869608873785923,1.3103262810582157,0.4017655318940704,24487.161706331604,15.314047346048532,141.38607375934328,15995.960070792336,516001.5238627007,6.48575915270441,3.9120935656573006,3484.99368838151,2.1781210552384436,-0.04495058976508425,0.993125,780.0,349.0,3
1.1076412484947655,0.9069300085914991,0.8175318580939824,6563.992487203381,4.1050609676068675,6.337126440559668,662.2347506516788,3244.8599715986247,3.027209531515483,2.0254617509353547,2101.5426397888714,1.3134641498680446,-0.036001508028304666,0.989375,814.0,375.0,3
6.8438078938723175,5.349590239020981,2.655626093587275,193559.67545080563,121.05045369030996,69.36171377408714,91049.26311543741,1283.4649920903519,938.0543538591368,10.998854356557029,12980.6513698707,8.112907106169187,0.02542635670909856,0.995,781.0,373.0,1
7.476910734825065,6.531593498325436,6.751881153112975,221103.09226742244,138.27585507656187,182.30028842453177,101397.23649881565,653568.926016783,1766.774302262328,11.755400149171402,14536.140404726204,9.085087752953878,-0.012516205010172417,0.995625,782.0,354.0,0
4.75148416035123,3.7120387117739,3.557755925846942,102343.2585484355,64.00453942991588,94.44605939029717,48601.53727245707,134383.2878284669,115.7559575031071,7.9977832299189116,9056.31698916329,5.660198118227056,-0.09996073994408579,0.998125,798.0,348.0,2
0.5059807366711043,0.3767442079465202,0.24601247798303075,647.5031922524369,0.4049425842729436,0.031231733226699174,0.4993115508086235,0.07956484443181487,1.6586113840659682,0.6361521006471432,981.5702300183041,0.6134813937614401,-0.005170975031162886,0.991875,789.0,372.0,4
1.5152508080165288,1.1598414537662323,0.5121649542957869,21396.380486513855,13.381100992191278,2.811104406174486,16153.339124495784,87176.08358245887,4.550562301236688,3.6568754154429652,2800.623973460589,1.750389983412868,0.062372729663414776,0.993125,789.0,375.0,3
0.4304887294828906,0.32652095726674163,0.2231823193607675,465.7600905097769,0.2912821078860393,0.0005151832886293309,0.2595305051605812,0.02865277705464842,1.5380090102447288,0.5395368908319528,789.2342212965345,0.4932713883103341,0.015377163690034822,0.99125,781.0,358.0,4
7.735250642678141,6.835425998041498,7.127018286887019,276771.4406795072,173.09033188211833,55.38488975930091,255378.99932729694,1626163.3063824123,2287.581998116025,13.152267881422276,14914.991760036415,9.32186985002276,-0.033046254290168386,0.9975,787.0,333.0,2
1.6010619507688364,1.316218996199125,1.2616052540162215,10876.22725414929,6.801893217103996,7.008939935753317,1047.535344045796,8830.523327494133,4.9582950948401745,2.607228803508297,3028.700017094771,1.8929375106842319,0.08786249112529251,0.9925,781.0,349.0,3
1.3655512854179126,1.0864879571002366,0.6685835820182093,8839.06462503108,5.527870309587917,16.380764573830678,1062.5233511198317,19028.136712886004,3.917882328145906,2.350407494594166,2690.1669301033444,1.6813543313145902,0.030709566997813766,0.990625,788.0,382.0,3
5.034719714188499,4.3886798837761924,3.0371226578833284,133153.6805438082,83.2730960248957,14.91239218585195,132082.0389273713,201471.97684808716,153.65651883356756,9.122557225903279,9836.245474493679,6.147653421558549,0.022923325946392386,0.9975,780.0,378.0,2
1.360775104663713,1.0645353964270377,0.7786584733337828,9756.50691780376,6.101630342591469,10.50663611618325,1669.6338833540992,11802.06489622618,3.899214430088217,2.4693757963557004,2588.3814266902405,1.6177383916814003,-0.045065275559696964,0.98875,781.0,355.0,3
0.48617455235747925,0.3630021430646114,0.240317948005617,596.9140388973044,0.37330458967936486,0.036198668973088315,0.42235473650087174,0.08845718175924548,1.6260838082027758,0.6107956076387708,932.9257636749227,0.5830786022968267,0.032866960484371294,0.98,798.0,379.0,4
0.45372606610625454,0.33960533542582355,0.2202098926073786,519.0561015767657,0.3246129465770893,0.012902342003400947,0.3208580935068157,0.005109801124306975,1.5741667207878356,0.5695700689866687,875.9866918859644,0.5474916824287278,-0.02512331587832259,0.9825,796.0,370.0,4
3.280206151972734,2.7510205193199098,2.7143532966794806,39690.05280549388,24.821796626325128,2.553927993212202,4292.585785645978,12495.437427991224,26.581251912598848,4.980590627971112,6301.3836419096515,3.938364776193532,0.11469811190790653,0.9925,818.0,367.0,3
7.347351516568981,6.593794876471638,6.4862408162903264,223381.83840510785,139.7009621045077,67.73383950186565,104216.20172668646,66503.62406317535,1552.0804202451845,11.81582197746701,13886.594237915797,8.679121398697374,-0.05170550604834997,0.99125,812.0,332.0,0
7.720667868711084,6.957513229790295,6.347597025541773,250442.8285590603,156.6246582608257,385.72673977822154,153475.61025209216,1632903.6204415867,2254.4647643565777,12.51106581588526,14904.408131868959,9.3152550824181,-0.13353951845508572,0.99625,791.0,316.0,0
4.733587250225506,4.101068349436303,2.870379480189184,104419.54119666512,65.30302764019082,171.91439738672122,62942.820844237714,960282.8037867433,113.70271171696437,8.078503156396962,9017.357769780307,5.635848606112692,0.025530564301826042,0.995625,793.0,372.0,2
0.49596520823870494,0.3743608687581479,0.25576855764415546,604.7616731845662,0.3782124285081715,0.017015602239277977,0.393889944256252,0.010811718044997861,1.6420824258850621,0.614797564845823,943.4981985567578,0.5896863740979736,-0.023473747651076616,0.985,791.0,357.0,4
0.4612237826733497,0.3488094574715274,0.2318647162164827,528.4477208865168,0.3304863795412863,0.005636704255560306,0.31208017359419,0.026257318585295925,1.5860137339641247,0.5746997699269358,844.7401451622624,0.5279625907264139,0.08948430603044918,0.98125,788.0,371.0,4
6.642502242434546,6.113522241365277,6.259753149029512,198209.79458589287,123.95859573851962,70.16558731135045,107488.29612679392,182595.98759162694,767.0118433900406,11.130189648706937,12767.665312519775,7.97979082032486,-0.04028429831555832,0.99,807.0,356.0,1
6.945618185624899,6.153313334891007,6.188645730217554,194901.65679143928,121.88971656750424,176.65609398832828,89134.22072308396,519149.6296477491,1038.5888394873343,11.036916937924719,12808.33297668722,8.005208110429512,-0.025333950853593787,0.991875,816.0,326.0,1
0.45110709198928917,0.3362690740707489,0.22454195891722142,503.5145420451606,0.31489339715144504,0.0030825691728831837,0.2949540298722788,0.018007349308768347,1.5700494128052143,0.5609782426959403,856.8648659518431,0.5355405412199019,-0.010809797001530761,0.986875,784.0,388.0,4
1.8077994543605598,1.531806543662498,1.174345905605453,12897.554374939202,8.06601274230094,7.234903613626979,605.6470995637451,4223.852714201039,6.097015897551205,2.8391850035418615,3504.5686278229186,2.1903553923893244,0.02521914477530108,0.99,791.0,352.0,3
5.754643091813745,5.087845436596128,3.659726679126476,124718.52581454723,77.9978272761396,122.3998170161025,32082.063032109218,188336.4088476581,315.6528683246153,8.828877541006673,11288.243672567622,7.055152295354763,0.06328264743993467,0.993125,786.0,363.0,0
2.0670583951037056,1.6264532990524492,1.594463318867708,17514.69429699418,10.95352989180374,3.7867377438355914,1193.8350872008223,2752.9060874837537,7.901545672672149,3.30857732804016,3909.366378049756,2.4433539862810973,0.027463719325866262,0.99375,795.0,353.0,3
1.3641162328795815,1.08746182193362,0.6222119137539213,8519.256962261581,5.32786551736184,12.312700642998262,1835.476502654334,23350.72460465733,3.9122639934329535,2.3074955257623984,2627.8147074698813,1.642384192168676,-0.022980182673422132,0.9925,790.0,364.0,3
6.728304800064485,6.024727707955071,6.193966260640227,189210.89522886026,118.330766246942,254.83727858883498,81795.13314370606,465506.06471626024,835.7293361397157,10.8745946829313,13200.725740060787,8.250453587537992,-0.0033947414622390905,0.995625,797.0,352.0,1
1.003187452972127,0.7412216127582735,0.5124043859222244,3353.790856411475,2.0974301791191214,0.26963360414615195,32.59196029660457,40.046969692311684,2.726960047312029,1.4477980816595841,1999.0401157208541,1.2494000723255339,0.06402682850876645,0.994375,808.0,384.0,4
5.021237882286861,4.162780643017134,2.93800350928956,95076.45767206408,59.459948512860585,32.03098917612711,30690.620978207597,69244.27636901374,151.59884922068082,7.708617648128622,9590.510778098207,5.99406923631138,0.24371436010351477,0.99625,789.0,364.0,2
0.5124812680664643,0.38888817884122284,0.269549394991847,810.027169297106,0.5065835955579149,0.1490844727476862,5.670591565370138,12.412368329248402,1.669428359393681,0.7115244063352227,985.8451134472307,0.6161531959045192,-0.0660583990386329,0.981875,765.0,351.0,4
7.957955406657728,7.0882866669268605,5.089202500100742,248010.99539621186,155.1038120051356,214.47697999489458,126512.6266957758,348900.6222068575,2858.223070368878,12.450175586016144,15509.76784609597,9.693604903809982,0.062284543872505996,0.99375,801.0,385.0,0
1.5437097255173686,1.3434917552361463,1.0171069358310545,9054.722225270743,5.6627406036715096,1.6507930722084208,201.6887314918565,170.81729539707285,4.681926757465476,2.3789076045097284,3012.9536867789207,1.8830960542368254,-0.03677069266124621,0.989375,810.0,339.0,3
5.272267916368237,4.418166614429922,2.7620067147171836,113706.84304690754,71.11122141770328,193.97309123234737,38888.34883618172,502369.76053852815,194.85738195092858,8.430111322178208,10342.044884313282,6.463778052695801,0.02553149522419073,0.993125,778.0,350.0,2
1.3538687309232065,1.0259097270219166,0.7771021049441796,5813.296991059187,3.6355828586986787,1.2122807205358495,75.70151764533385,127.03334246972157,3.872377776590295,1.9061245025999725,2639.6577495215956,1.6497860934509974,-0.06189706972202025,0.99125,771.0,401.0,4
6.248485707480979,5.4503016488011715,3.934316087531991,159214.37084467598,99.57121378653908,15.182123881832128,59427.39580833376,62123.77348075878,517.2289953464185,9.975418877316505,12003.971654645486,7.502482284153428,-0.03446003498550773,0.991875,801.0,370.0,1
6.325983075796578,5.593999363158832,5.137350023222553,146693.11890738097,91.74053715283362,31.347859465960155,38338.75055311095,50581.98168201539,558.9069916149734,9.575134428148417,11773.115494065585,7.358197183790991,0.01536046101327198,0.99375,800.0,348.0,0
5.672395250039816,5.1032753189149265,4.08994873031855,133669.8551255146,83.59590689525615,38.6165436178111,40960.72496557731,2423.5030969841405,290.7300722828281,9.14022206805976,11001.435511591446,6.875897194744653,0.037549734127136164,0.993125,777.0,378.0,0
1.4335092215749345,1.0854677894235407,0.4648546557999193,16472.788015837785,10.301931216909184,39.55618917642378,8953.445672649648,70814.71731618313,4.1933889329859335,3.2086589893440864,2720.46159520807,1.7002884970050438,-0.0036295105656351766,0.98875,804.0,380.0,3
7.264529234896704,6.199324268808052,6.362592926973478,209483.9330743898,131.00933900837384,90.9257308322584,93232.50726448285,300723.6421118958,1428.7128812538028,11.442353698933346,14341.910454329774,8.96369403395611,0.008744552995427039,0.9925,798.0,377.0,0
1.2174504350586253,0.9375735628181721,0.5320285646178139,8808.944296174024,5.509033330940603,5.71778786563995,2203.6631676722427,8948.80755447564,3.3785628780125805,2.3463994086917013,2266.7803904552993,1.416737744034562,0.0314553077430669,0.99,791.0,356.0,3
2.2886169258582427,1.8427625131537035,1.0246972870424178,24481.67572754069,15.310616465003557,30.450631642055725,2749.6076347894655,29387.85772313156,9.861289350716996,3.9116553183675236,4283.664015297773,2.6772900095611085,-0.06030195470983077,0.986875,806.0,323.0,3
2.874789765304817,2.5222577267762945,2.1285464876172413,31419.957934463637,19.649754805793393,3.986804530698794,2621.9253173765865,3039.854049037371,17.721698014016702,4.431418927278234,5544.5400218892855,3.4653375136808036,-0.026786376286613227,0.994375,809.0,350.0,3
6.266826419412681,5.441876327237436,5.560188110328254,161261.6714010795,100.85157686121295,156.70783844485024,63692.00117742566,482367.4667799058,526.802870827366,10.03934981090283,11967.549999417732,7.479718749636082,0.05859958789600904,0.998125,791.0,361.0,1
5.8403181292916395,5.208840358550354,5.404701111280408,164098.97475159384,102.62600047003993,179.9701614892537,72203.00808962512,111003.72293224078,343.88872434124823,10.127282913977774,11072.429120509647,6.92026820031853,0.1869121315318359,0.990625,792.0,366.0,0
2.090930939360459,1.9121326027408339,1.8606949732139793,19058.48161451215,11.919000384310289,12.403365508901354,1383.139927936272,3507.7452090840798,8.09244523453302,3.4513114911682625,3910.171849484165,2.443857405927603,-0.07826678263636214,0.9925,801.0,341.0,3
7.224800727277776,6.488646038686487,5.254603143900148,213522.1948009638,133.53483101998987,1.157592847101714,112595.27909996714,451391.1807857715,1373.0649739702747,11.552115466467706,13740.478278801427,8.587798924250892,-0.0793786985637529,0.99125,806.0,350.0,1
1.6157049812819446,1.2728638052634715,0.8686808695250028,17368.6160384124,10.862173882684429,69.96500831408136,8014.427759851544,171587.80968827705,5.031433740062814,3.2947511323327214,3070.480114856901,1.919050071785563,-0.018091509695403664,0.994375,790.0,375.0,3
7.747515324303749,6.366619987639864,4.412086298340273,210660.59573391388,131.7452130918786,60.12556045461229,87972.64742376008,180452.97482039497,2315.8112203689757,11.4744443148109,14634.037475136614,9.146273421960384,0.06966367971192738,0.995,810.0,375.0,1
6.960963082541236,5.750160888404233,3.689091931688535,188114.75758294182,117.64525177169595,250.67423776957486,95179.25091680909,640780.784837974,1054.6487821203684,10.843049547490716,13468.72655842592,8.4179540990162,0.07348806363289054,0.995625,811.0,375.0,2
1.5745162383704427,1.2986342732348959,1.2654077450900016,9376.48065426058,5.8639653872799125,1.1835087247092058,416.3801131847043,99.16458215598493,4.828405255839904,2.4208057354758687,2936.0142615883046,1.8350089134926904,-0.025006535575527008,0.990625,794.0,357.0,3
0.48181508873007844,0.35528447082916165,0.23250707602237675,564.6899007849604,0.3531519079330584,0.01824220201104637,0.35775075646641635,0.01798593610384718,1.6190103843552892,0.5940801191679455,900.3292253462481,0.5627057658414051,0.03599201657170043,0.99,782.0,355.0,4
0.4705499959735078,0.347176673162775,0.22392287550037118,536.896093751782,0.3357699147916085,0.03521694528246741,0.312887661882885,0.06596575809340374,1.6008744256212153,0.5792754600316362,888.6907125815648,0.555431695363478,0.0067042021373066064,0.9875,783.0,371.0,4
7.199497114700208,6.337070740920267,6.448619386597322,199104.37378998444,124.51805740461816,195.69230753157944,79695.51236108349,363558.8621814653,1338.7573536913048,11.155278285132123,13417.851573397242,8.386157233373277,0.028277087480482667,0.9925,804.0,345.0,0
5.782780721715191,5.135269631677121,5.302502106991264,153235.821305182,95.83228349292183,164.91516093953055,68243.87876780625,548615.6151283736,324.6607275094985,9.786336818020253,11160.419460622015,6.97526216288876,0.026311041853291382,0.991875,799.0,355.0,1
7.94605431678646,6.983758684549137,6.210880419546271,246976.3665646608,154.456764580776,460.10005832596727,136975.39115227954,1287028.0521948065,2824.408713694946,12.424179212443493,15253.269797491059,9.533293623431913,-0.10509094878553826,0.998125,758.0,342.0,1
1.3136167446303404,0.9831842592326276,0.6544546604746252,5649.242483456228,3.532984667577378,1.3658117448647675,75.55203944018488,143.73884122840926,3.719602265268462,1.8790360699465412,2596.549444918469,1.622843403074043,-0.020337999470397133,0.994375,774.0,408.0,4
0.43620354680648,0.32310604767260365,0.20749778342280828,478.4794235720682,0.2992366626466968,0.009597276515773084,0.2651578849794343,0.016555375986859952,1.5468236137148532,0.5468543130784859,812.4604074285686,0.5077877546428554,0.00031415534903218856,0.983125,784.0,346.0,4
6.80694881214124,6.078599086061112,4.73759894745917,198525.0877561866,124.15577720837186,189.39340979704298,107401.06984597351,1026990.1010271487,904.1079908308692,11.139038551312076,12950.57736470464,8.0941108529404,0.08028391375476178,0.99125,779.0,402.0,1
1.7931058044756956,1.429217535923973,1.1480065217523479,14692.822040726918,9.188756748422088,12.60459989756715,2748.0656271439716,14239.542127195884,6.008083451782856,3.0303487877560107,3352.4978401449316,2.0953111500905823,0.02189166964875728,0.99,813.0,344.0,3
7.177152157086294,6.247831906940189,4.745304327019966,203480.96669416188,127.25513864550462,90.93219263169597,122981.35704481718,21281.585912109986,1309.1746206960822,11.277216153991692,13645.141422578372,8.528213389111482,0.05353369069273217,0.995,804.0,356.0,2
7.8342475783436765,6.763314877946011,5.37389318010343,221282.67918246996,138.38816709347714,198.82650138214845,94437.68024899557,154657.72951363775,2525.6344521969163,11.760173233802456,15137.300596078505,9.460812872549067,0.16559204759338086,0.995625,806.0,397.0,0
6.382994581505741,5.6774562097326084,5.714803707839684,171266.8793335891,107.10874254758544,314.27661925633805,72265.639626674,733708.036040576,591.69694199763,10.346100694633375,12421.250039872242,7.763281274920152,-0.026231017535262642,0.995,790.0,373.0,0
2.5767025768879837,2.267925283993815,1.7139632681832238,28093.18314713842,17.569220229605016,12.646049101541719,4729.940063820398,43723.29448779911,13.153693278720198,4.190255298542263,4987.5352829320545,3.1172095518325342,0.012689135643224153,0.986875,794.0,371.0,3
1.415860968937648,1.1360624304476632,0.6562072145677041,10949.065478861463,6.847445577774524,16.561690320154888,2608.1266514217145,32232.26284703075,4.120032159099505,2.6159445568070465,2710.2360581355256,1.6938975363347035,0.03201664423334549,0.9925,791.0,354.0,3
7.051478446211917,6.187824915376899,5.827208634067176,231651.40390926076,144.87267286382786,1.1668314836363083,167017.96959107879,559390.1428865715,1154.5644430068612,12.032544512416647,14030.323918324922,8.768952448953076,-0.026696536147803478,0.994375,771.0,361.0,2
5.697567381179552,4.260450625913558,1.4963453224950933,157575.63805177266,98.54636526064581,139.91481882610015,65979.39026756183,137694.38875511265,298.14125408003116,9.923949505230159,10683.107700433835,6.676942312771147,-0.02559298334720149,0.989375,786.0,339.0,1
7.298387779177381,6.235552168089921,3.8812117799237353,214097.10257567867,133.89437309298228,163.33355075049772,95466.07936618177,340625.9399777333,1477.9152800233323,11.567657027669828,14583.219416435777,9.114512135272362,0.05307204789497442,0.99,799.0,388.0,0
0.4683847018862107,0.3480087517860564,0.23272149616622972,536.5100912553386,0.33552851235480835,0.012644780230479241,0.30641658672098415,0.00764565085501701,1.5974118118343659,0.5790671869779763,854.3568182960412,0.5339730114350257,0.007996685579986167,0.98625,806.0,352.0,4
1.2326829767709828,0.9200909734558695,0.4383672465133299,9397.373585588943,5.877031635765443,26.09247828268167,2124.942443611099,40889.98617393484,3.430420940311892,2.42350128759881,2382.322581283837,1.4889516133023981,-0.028149082926554755,0.991875,794.0,402.0,3
0.4773439660388575,0.35583794707602456,0.2311740524500236,586.2738509403865,0.3666503132835438,0.03054734505697493,0.4234845585276537,0.054404149309313345,1.6117877489652346,0.6053273138044751,927.6955939155533,0.5798097461972208,0.04361028222689891,0.980625,806.0,369.0,4
4.955650637381803,3.732186351413901,2.886166921861149,122482.22229789375,76.599263475856,93.95194033206138,131794.49151966552,2253106.0693983603,141.9749505385187,8.74936505903049,9658.144658220113,6.036340411387571,-0.0648881015087959,0.995,785.0,394.0,2
0.4629965833294306,0.34325568935479966,0.2075841584903967,544.9154344435659,0.34078513723800247,0.011738808237138843,0.37598792263048725,0.06900280693081302,1.5888279139052341,0.5835855948592534,857.8021508006251,0.5361263442503907,-0.07946776760770996,0.985,783.0,332.0,4
2.7275574526206507,2.1294731895785706,1.5071326537139713,27319.858292369987,17.085589926435265,29.051786262582546,2844.288323029131,31628.564360102206,15.295481417973285,4.1321799855199,5252.2681771641455,3.282667610727591,-0.014600107121815822,0.993125,816.0,356.0,3
7.781555324796425,6.706124220326042,4.31449514436916,267234.03854562144,167.12572767080766,324.0475081404161,167809.92137274667,1800439.8646310035,2395.998479884864,12.923671076401371,15322.990005520805,9.576868753450503,0.07114310463493535,0.994375,806.0,380.0,0
2.205204034845542,1.8385705019297667,1.6306023585732072,17515.548154743847,10.954063886644057,1.0791251461022215,696.2191512523947,401.9249310495288,9.0721024040452,3.308657975178895,4109.602016096816,2.5685012600605104,0.12086757948779048,0.99125,785.0,357.0,3
4.60703386192851,3.695489306346058,2.896995265967202,89504.7923637215,55.97547990226485,182.12224827056772,45437.543873164075,1411814.247909175,100.18654136637727,7.479337886960713,8766.823802972816,5.47926487685801,-0.03456928603009561,0.995,792.0,376.0,2
6.569534371169709,4.935569285070275,1.8497412774199034,194485.98825749708,121.62976126172425,118.72466820578946,106120.86864581669,98214.4714083985,713.0377548881758,11.025141389612003,12386.557446187138,7.741598403866962,-0.044255153786445234,0.9925,800.0,376.0,1
0.4374690367915062,0.3310000139772945,0.21933033083631037,477.63558187776334,0.29870893175594954,0.014471083517323685,0.26002899802800594,0.007940792584430353,1.5487823426211142,0.5463718867892108,762.5553577863107,0.47659709861644417,-0.016183581962976742,0.985,772.0,344.0,4
1.7736258308259718,1.521290119138582,1.497023138865112,13642.299221526473,8.531769369309865,0.5138044645489407,1116.1309911999394,3156.5335015300698,5.892178720183646,2.920006337913335,3453.1927471136773,2.1582454669460485,-0.0758429596346916,0.99125,803.0,390.0,3
4.631327565424646,3.564506137611222,2.8786900268171833,91483.36388453198,57.2128604656235,174.81306692068733,35997.44011260847,420623.57549348637,102.65024861446476,7.561554233610474,8453.934940076582,5.283709337547864,-0.08934188916185808,0.99125,794.0,351.0,2
7.187670265140444,6.355716248880377,6.563591265213841,204049.7566789472,127.61085470853483,326.146294903547,86483.72774803809,476451.3442314145,1323.0173327702576,11.292966745914999,14104.650380700874,8.815406487938047,-0.08097305657545906,0.995625,821.0,343.0,0
1.084562523624527,0.888603661428053,0.8193969862290177,9287.911841799067,5.80857526066233,13.579209774724987,3198.691441106866,22474.593834864794,2.958145416889921,2.409345326250352,2074.5711472904864,1.296606967056554,0.07968370542148168,0.98875,799.0,376.0,3
0.44457632431781435,0.3314037466346324,0.22724479880039516,548.6705613123831,0.3431335592947987,0.014635599294638589,0.9190935604347792,0.0978448455025804,1.5598291941194655,0.585592948062252,816.7562041379769,0.5104726275862356,0.0676244003765318,0.981875,791.0,353.0,4
5.219275960657354,4.49564072466259,3.088466858921172,129493.61527760986,80.98412462639766,178.91940016492788,79962.22691712977,534957.6731408073,184.8003329082176,8.996305327661249,9977.526705885852,6.235954191178657,-0.04542089011502244,0.993125,792.0,347.0,2
1.3564317573375075,1.066583550589414,0.9876678243182389,6545.846509747777,4.093712638991731,0.03428335444163288,117.93572751668842,30.199737777791967,3.882315513018145,2.0226601465872514,2575.684731868865,1.6098029574180408,0.21340185356661584,0.989375,796.0,364.0,3
5.480568858154943,4.992809892224366,3.9455727027147898,138039.82369817482,86.32884533969657,30.711279594324097,58938.42426133266,202986.21820578948,239.9831849441953,9.288427736240362,10783.76195631468,6.739851222696675,-0.010352406586961453,0.993125,800.0,376.0,1
8.557084968193957,7.48235561892165,5.026456200125151,288374.3074535127,180.34665882020806,155.98515318335714,165654.55029959086,92437.70589852417,5203.490701957681,13.425123543507725,16465.078695300486,10.290674184562803,-0.0474456599396377,0.994375,797.0,375.0,0
5.478773986452575,4.691635118983336,4.490301164398329,139282.22107984492,87.10582931822697,174.07555361866534,70449.97358440513,778726.600757232,239.55283224596587,9.330133341753648,10687.616001023871,6.679760000639919,0.08424909585644832,0.996875,802.0,372.0,2
6.0360743972570745,4.924748864772717,3.0767820552017433,149842.82673457733,93.7103356689039,6.7970927975470845,105688.24069068753,17236.81137334602,418.24793275853494,9.67738429065989,11887.011908303813,7.429382442689883,-0.04888782757167093,0.995,804.0,370.0,2
0.45232980834209185,0.3413155684695805,0.2227117960747819,524.7937460728717,0.328201217056205,0.012528599944486182,0.31951876025993436,0.02602630609772725,1.5719703120150808,0.5727094300738769,877.5878827328742,0.5484924267080463,0.06600639128161363,0.98125,804.0,350.0,4
7.2043696381444295,6.565433127715284,6.393431067846517,223139.6728930766,139.54951400442565,209.06833997864135,124949.40098028268,676752.1746053494,1345.2963981697887,11.809415546849593,14261.337078107787,8.913335673817366,0.08252402313706031,0.993125,794.0,411.0,1
6.669621698227167,5.020627032916241,1.8346673047861792,193135.51753635035,120.78518920347113,63.58912851177835,97413.9251312574,67139.71680576782,788.0974094151843,10.986796551325549,12340.349050774334,7.712718156733959,0.04766666561637107,0.99375,803.0,393.0,1
7.3538681690175896,6.430008392443545,4.341087667077595,229879.82224150776,143.76474186460774,25.17397413274207,131937.11030214198,40799.74125650678,1562.2278165330754,11.9864460496405,13761.774713650564,8.601109196031603,-0.06739698084838244,0.994375,805.0,366.0,1
5.3401631929755915,4.408115460231342,2.6931405119658978,123604.72964361322,77.30126932058363,319.80995618248534,66265.56251245564,1445589.1576928047,208.54674087543577,8.789366076530108,10165.628312560333,6.353517695350209,0.022475595369371663,0.995625,810.0,400.0,2
1.5939166666051217,1.3316038245351103,0.8832155399824901,10898.766102823876,6.815988807269466,4.01945628585698,1594.1163961375653,2139.9919815478493,4.922992939581517,2.609928890652947,2994.6301519562344,1.8716438449726465,-0.002408848852582461,0.99,800.0,394.0,3
7.752039481726533,6.991789643427415,5.359148197678177,253772.74096369365,158.70715507422992,89.50997853873298,163620.87687067018,501220.88521161507,2326.312050685199,12.593965344652515,15244.79957206333,9.527999732539582,0.06650113219322269,0.99375,806.0,397.0,2
1.609542318870516,1.2112133586559262,0.6292210316896498,13624.381479245643,8.520563776889082,3.762741440590843,3878.7806722012833,16270.601600034703,5.000522059434796,2.9180881454350427,3039.577375729756,1.8997358598310976,0.010158617337754146,0.99375,801.0,361.0,3
7.100336777647983,6.340176706726842,5.628053274438136,201059.32340881584,125.74066504616376,215.52736224171778,84147.12044057595,242798.88284661234,1212.37530665125,11.209909773522261,14204.265346353439,8.877665841470899,-0.06938638897937395,0.99625,785.0,330.0,0
5.951659274770929,4.6580112996616565,4.698910289723054,148019.8145163826,92.57024047303477,61.020736413044055,63010.9207892143,25948.220691079052,384.39061986063655,9.618335826573073,11530.837744654073,7.206773590408796,-0.05519828565754796,0.9975,796.0,353.0,2
8.184711392589895,7.155555277242732,5.579691814018193,250778.08973723726,156.8343275404861,374.74456110547123,126140.87321859079,193346.0249729469,3585.708607831021,12.51943713134793,15765.025874392553,9.853141171495347,-0.059848069193451245,0.99875,792.0,336.0,1
5.831033599726043,4.482547632478349,3.369000922928353,126159.42591052748,78.8989530397295,18.189461585562086,64324.72187442268,71481.2409855051,340.71065557926556,8.879732045173418,11149.907079336137,6.968691924585086,0.12101070641698781,0.9975,804.0,377.0,2
5.8964317581599515,5.059746479432079,5.32799706061792,174686.74984100906,109.24749833709134,142.1172241719906,133371.17172760074,350999.54589200125,363.737247030074,10.448886000461039,11520.57444430826,7.200359027692663,-0.006452934704461649,0.996875,798.0,367.0,2
6.222422603501471,5.678216402573963,5.8100450017893035,184207.01699262895,115.20138648694744,76.79612245984535,101348.40821346919,679827.4709015401,503.9225590068897,10.729836234556103,11889.264404259264,7.43079025266204,0.03236863285278097,0.99375,783.0,377.0,1
1.9892062569676794,1.653637581652398,1.27594190143532,15760.652672624525,9.856568275562555,10.833523779224103,1272.7812763469628,11217.40791091444,7.309729412243986,3.1385359517441134,3901.8256565838014,2.438641035364876,0.03393411315881491,0.99375,786.0,357.0,3
3.6064563355496184,2.877346467222173,2.9250936508721277,49016.338795946474,30.65437072917228,17.451966901743805,6130.172573779404,15791.909305766421,36.835289355342056,5.534908467848998,6826.26252544881,4.266414078405506,-0.017644228094913048,0.99625,805.0,348.0,3
1.1341332586112522,0.913261155731695,0.6090335844282074,6305.713199984664,3.943535459652698,10.463257006018118,1319.7987205462716,24394.515896083205,3.108478128310345,1.9852130238315522,2134.18368897298,1.3338648056081124,0.07181721530546456,0.993125,786.0,367.0,3
7.232213586614228,6.400778262396385,4.545400861048715,205702.40332785208,128.64440483292813,255.6266107351898,96199.63745301242,962132.2666481836,1383.2811301646952,11.338606708053135,14093.91051225379,8.80869407015862,-0.046710937903394284,0.995,798.0,369.0,0
0.4576931435275797,0.3442646213848789,0.23554315305305218,528.8776347646156,0.33075524375523174,0.016876516677796497,0.33298491646802825,0.03463297871640448,1.5804239653238117,0.5749334933084737,823.1815074765234,0.5144884421728271,0.04341447318680357,0.98625,783.0,338.0,4
0.5141139516452428,0.364530562499053,0.26295149293364295,884.3193863625258,0.553045269770185,0.07151145773909914,4.7591683358142545,4.30049629062011,1.6721562339340303,0.7434377018127198,932.1571463433825,0.5825982164646141,0.07952843415652278,0.99,790.0,365.0,4
6.824322985423631,5.990265770001966,6.126726415623654,183498.7724520598,114.75845681804866,148.81884213342232,71535.80977252332,153150.10699290512,919.9533713318027,10.709189174841267,12796.046726065411,7.997529203790882,0.11818057150424592,0.99375,810.0,364.0,1
7.327189284483616,6.565552840775244,6.37662689338232,217601.36903011572,136.08590933715806,51.462916509216704,104990.77190701161,66880.99630317785,1521.1003774852204,11.661940475059128,14037.768748353978,8.773605467721236,-0.003976535095584627,0.990625,804.0,368.0,1
5.587369685257918,4.953667270143231,3.540896636852307,140097.1907972337,87.61550393823245,21.189152206021145,63687.94285320583,331228.31958563457,267.0323161265157,9.357389820258161,10767.382495349366,6.729614059593354,-0.012372484849706888,0.995625,797.0,350.0,1
8.193643034141555,6.990116922172538,4.396261540455591,248700.89753716803,155.5352705047955,154.89640407043015,119492.34748443002,142914.98167287454,3617.878322144241,12.467480136769018,16004.475246614227,10.002797029133893,-0.08216787711300709,0.995625,812.0,363.0,0
6.310155077040928,5.1564411928552225,4.5718974835765644,165698.42543382436,103.62628232259185,99.21482907792654,89457.66251378061,444452.0316207812,550.1302547694072,10.176517866939568,12069.94366637399,7.543714791483744,-0.0047049458270841255,0.995625,789.0,366.0,2
6.804185860686568,5.954056550820144,4.110248489282116,180527.07325432095,112.89998327349653,56.73984225884909,68485.45664288918,5200.610840962101,901.6134321016971,10.62211941111333,13236.473279835374,8.272795799897109,-0.0774203672879567,0.994375,786.0,404.0,0
6.86248313207158,6.1138668432092755,5.745471635338955,181436.57523948164,113.46877751062016,190.59462823483693,68050.37680659535,466439.2950862294,955.7373454711749,10.648843107336873,13262.00772682727,8.288754829267045,-0.0044518071261836975,0.99625,799.0,386.0,0
6.758711606387339,6.062196533390045,5.426081788922002,183637.691853394,114.84533574321075,126.57062870226082,78053.78758530051,265351.01835207036,861.5314887617476,10.713242152045815,12540.1127604984,7.8375704753115,-0.02370442305429138,0.993125,789.0,347.0,0
0.45947006224243225,0.3425951377929158,0.22015099066811314,530.2440426574734,0.33160978277515535,0.01793619687718839,0.32037115885826395,0.0347309528401831,1.5832347467707042,0.5756757131067116,881.0925051324758,0.5506828157077974,0.05957874972202924,0.9875,789.0,354.0,4
8.396436791388942,7.304345807841636,4.889868619222689,285203.8412956244,178.36387823366127,358.96115199376464,171526.25029597335,545241.4883266736,4431.24911866213,13.351119833548243,16367.649000982232,10.229780625613895,-0.08547401905116378,0.991875,772.0,363.0,0
8.672204250112078,7.810910884880899,7.597305616430965,295716.6107700626,184.93846827396035,107.22815782805841,166080.7928976377,287525.9914166938,5838.354369753798,13.594957952538476,17186.249798145214,10.74140612384076,0.004629117155663477,0.995,786.0,357.0,0
5.237996482422402,4.211867818110119,3.273808722207391,116040.88081654065,72.57090732741754,86.59251336045722,51746.67185302221,138170.19074839837,188.2924769550644,8.516193428424339,10082.499048999196,6.301561905624498,0.040780161617626175,0.99625,800.0,359.0,2
5.698652300569397,5.23796320419625,4.162782537753044,148500.16281897936,92.87064591555932,57.736768731537616,57218.30382363707,16730.31643457986,298.4648888345654,9.63392971543088,11253.970202245195,7.033731376403247,-0.006903766291890153,0.993125,790.0,376.0,1
0.5154473483600495,0.38496280927308923,0.25654730831649575,650.9717735849714,0.40711180336771197,0.0017278159530696724,0.4694704671629451,0.013817310365150597,1.6743873687263326,0.6378537124534176,977.5547711735591,0.6109717319834744,0.006966263790929267,0.986875,784.0,372.0,4
7.380559945089235,5.880740510950194,2.8778450403130624,221399.55594746498,138.46126075513757,27.63232057651432,105516.65391076107,39152.57798423475,1604.4879414886618,11.763278559447855,14636.389272269218,9.147743295168262,-0.03131594149120426,0.991875,815.0,346.0,0
0.48330523221967886,0.36073942762909167,0.23722564858246378,580.0189500591384,0.36273855538407657,0.0265779925600655,0.38217025018578127,0.024759444657437048,1.6214247405609612,0.6020895645889917,928.2167127352285,0.5801354454595178,-0.05089971006323682,0.9875,767.0,356.0,4
8.637072989055982,7.959015493289651,8.130558130629174,308087.20038146275,192.67492206470467,33.87507956528769,197187.8028292374,318733.7339491161,5636.806659708463,13.876400838777116,16483.491416360084,10.302182135225053,-0.03542779939355705,0.994375,797.0,377.0,0
3.219451770481536,2.6782842431832266,1.6318507735714645,41302.34545252049,25.830109726404306,8.290203604407198,4560.577790460791,9739.785414030746,25.014402787546206,5.080744621394123,6242.132608411458,3.9013328802571614,0.08679598124015304,0.993125,801.0,377.0,3
1.347075191273789,1.0022325777932795,0.658081327869033,5938.989178629945,3.7141896051469323,1.4505697816074865,83.1534437792053,157.0344794014271,3.846159781955269,1.9266209374559686,2643.8765781164184,1.6524228613227616,-0.05395716246351702,0.9925,781.0,392.0,4
1.2933044153493167,1.088244643221244,0.8672619940710707,6734.546926054101,4.2117241563815515,1.9859942326192457,384.8712508088413,1383.2174603669814,3.6448106467627954,2.051607133148014,2440.784533670206,1.525490333543879,-0.03962921308293491,0.990625,765.0,347.0,3
4.910392152189533,3.7613046552516938,2.9597058574964263,118071.18602766766,73.840641668335,25.987108749958967,109244.22608150926,55173.22447334317,135.69261613271794,8.590372009831256,9581.19222955002,5.988245143468763,-0.0009597281987055693,0.99375,807.0,368.0,2
6.003860798405506,5.081395737336703,3.1525507182755423,150445.9806434466,94.0875426162893,103.52361298140706,78314.87080453579,945011.6487158957,404.9893613158143,9.696841645719193,11891.326874761095,7.432079296725684,-0.010908815311354111,0.99625,793.0,397.0,2
1.2169113956585085,0.9576853106420998,0.6854762152742062,4730.400061629564,2.9583490066476323,0.4161346895727449,50.10160361869354,45.42144875867818,3.376742190260868,1.7194475969096814,2343.2136467827713,1.4645085292392321,0.05241955131515108,0.991875,772.0,378.0,4
8.07707714639308,7.274909492334854,5.536842733998542,261106.23794663363,163.29345712735062,142.98162578345062,144797.67751131303,505934.08065005153,3219.8084409900343,12.77463888791562,16193.002557931475,10.120626598707172,0.06833463029850917,0.993125,794.0,383.0,0
5.688022982881801,4.65643434526662,5.078169072728283,157030.27223677325,98.20529845952048,28.51320617722927,101841.0121605088,974872.2122340552,295.30921177083064,9.906761334966301,10946.624251389336,6.841640157118335,0.1419784133674607,0.991875,791.0,380.0,2
7.3212812758083565,6.653482529899144,5.8578990230959995,218708.44531045394,136.77826473449278,277.27179608473625,125175.31558326952,500818.72832259606,1512.1401977315395,11.691568685126633,14134.297576791507,8.833935985494692,-0.1408540388188365,0.99625,795.0,333.0,1
0.501723540282042,0.3755737976357825,0.2462150061644682,623.0473403757303,0.3896481178084617,0.01134996128952884,0.4360319378811751,0.03797312922761108,1.651565358469906,0.6240229064183713,970.1924876599228,0.6063703047874518,0.05781349430032391,0.986875,801.0,377.0,4
0.5088515474053235,0.3798425323786897,0.2532713130167288,681.6965273990927,0.42632678386434814,0.004986105990794345,0.6966010855869034,0.13232989913029436,1.6633797847442495,0.6527329696165446,931.1147514647067,0.5819467196654418,0.06004902262457566,0.986875,791.0,340.0,4
0.4394734599188938,0.3275093113905018,0.2108277169513526,486.0784242206462,0.3039890082680714,0.020927325724659347,0.27865705623150056,0.07684654733188777,1.5518898711285274,0.5511796577685935,834.6563472974136,0.5216602170608835,0.05031804912633086,0.983125,784.0,346.0,4
6.559347460900546,5.878093725162005,5.778899133190822,173361.8023322784,108.41888826283828,91.25190803402697,59673.78192039728,159131.461351225,705.8109750349116,10.40918471628177,12381.891049252905,7.738681905783066,0.017667586354374338,0.9925,798.0,338.0,1
7.088555620384783,6.47260913896086,5.967136139907663,208839.2441087062,130.60615641570118,87.04078564316876,119495.70761115041,1570763.6162230815,1198.1759292844138,11.424733150841702,13825.17289193007,8.640733057456293,-0.10245850041516885,0.9925,793.0,349.0,1
1.4026769747032308,1.1771026807421976,1.0210044742514244,8152.56897930413,5.09854220094067,4.6173754405852225,591.4002204507367,2864.9000078902363,4.066070177720717,2.2572894391426814,2680.4783349818313,1.6752989593636445,0.08779195979066218,0.99375,805.0,385.0,3
5.6341061384870965,4.56774365218662,4.555901247688536,146943.390602402,91.89705478574234,54.68610128083614,90514.57680973198,284111.2996382703,279.80869527145705,9.583298968857294,10558.046813178391,6.598779258236495,-0.06916743985670488,0.994375,799.0,358.0,2
6.9272016191618775,6.014207646103994,4.020313034471538,201327.5608528781,125.90841829448286,100.36999528919281,99666.85544535491,135751.3150466104,1019.636651873211,11.21738496856771,13439.386409509412,8.399616505943383,0.05887015848695887,0.9975,786.0,370.0,0
7.447022327079537,6.724725941061975,6.889260890883428,231199.6898133912,144.59017499273995,193.96439193687723,128634.26647476725,24842.598882915267,1714.749572513061,12.020807216379835,14711.660287884259,9.194787679927662,-0.03307099680069767,0.9925,795.0,378.0,0
8.53181735828063,7.566133699280706,7.600023574333847,295558.09326571826,184.83933287412023,665.8564715540293,189112.39498798814,844900.2131154697,5073.658115866463,13.591313707330645,17184.369969899984,10.74023123118749,0.11527005190213538,0.995,799.0,318.0,0
1.7232391333942543,1.4989251134631525,1.4014983933765321,16020.371170411876,10.018993852665337,39.301779127976396,4244.982754658279,70347.4776702353,5.60264682496796,3.1642901228407334,3190.318655182148,1.9939491594888425,-0.018123814654601188,0.9925,789.0,359.0,3
6.104778772567697,5.3973285276352625,5.488623309423577,161693.12740409886,101.12140550600304,15.429782092118367,95868.56889031496,139708.7163723719,447.99352203524006,10.05277099249564,11658.750247136535,7.286718904460335,0.05470783972771887,0.993125,791.0,360.0,2
6.201161292030836,5.378816469373114,4.513261278704979,160966.2682784443,100.66683444555616,26.62702725552191,72396.29911474095,225227.09119610884,493.3215990170167,10.030150431276077,12400.605201565448,7.750378250978405,-0.025092841355393483,0.99,810.0,399.0,0
0.44789279679963606,0.33388494952575115,0.21766739904711152,523.2121741979767,0.3272121164465145,0.01803515115015017,0.36989271498570736,0.022433986971825904,1.5650109124818137,0.5718457911655339,846.2612505842903,0.5289132816151815,-0.00010287237890119205,0.98375,772.0,354.0,4
0.4288336683914299,0.3240680992676296,0.22116390349749027,457.4267867712134,0.28607053581689396,0.01082856082162595,0.23511084122627943,0.018424117147241986,1.5354656166899925,0.5346884529630394,774.7296788915999,0.4842060493072499,-0.027992395137588364,0.98375,788.0,332.0,4
1.3008459437156854,0.9517235125509693,0.6200333217483524,5674.078758072045,3.548517046949372,1.3033986655529366,82.94834581063078,146.18188185742005,3.6724019993589456,1.8831620280249461,2573.3229683734608,1.608326855233413,-0.010906327523747279,0.99375,767.0,415.0,4
5.36661140104319,4.417061386806366,3.14977691778115,105031.8724108908,65.68597399055085,131.47172784217813,45026.45547245974,705024.5518069611,214.13601581526555,8.102155284663874,10626.352968953912,6.641470605596195,0.016230216814818524,0.995625,807.0,360.0,2
5.010737199921426,4.053941806049664,3.2936911970786014,134219.99607043376,83.939960019033,37.122189367306014,112016.41242021922,19344.05547882721,150.0152866526607,9.159011821371402,9577.862362346117,5.986163976466323,-0.017448023125114863,0.995625,794.0,348.0,2
0.4551497537435543,0.34012831861818443,0.22687758482869375,514.7257481778107,0.3219047831005695,0.019172975267506935,0.30719410130548747,0.03582527364635057,1.5764094385732517,0.5671892035389352,865.219439407546,0.5407621496297162,0.044375444306982786,0.98875,798.0,356.0,4
1.8543208331798702,1.5280695189090554,1.5162078488825024,17710.996349656947,11.076295403162568,37.46694619172192,3211.8505332889467,51562.47447644321,6.3873586950526775,3.327066683812573,3471.574942037778,2.1697343387736114,-0.023984706667314854,0.99125,790.0,360.0,3
8.287655854870414,6.754388383996672,3.7366254104389998,265566.8895766528,166.0831079278629,310.04330870075785,144283.6280547162,781314.9932176103,3974.5064460768594,12.88329561817969,16159.029492673526,10.099393432920953,-0.01847189454344153,0.995625,797.0,369.0,0
0.47077219858313885,0.3516416737830304,0.23003454469853454,572.6407074359136,0.35812426981608103,0.025513396891400104,0.4282118481239594,0.05981559970566087,1.6012301836199945,0.5982478099813203,899.3120380396814,0.5620700237748009,-0.02256437702304635,0.985625,796.0,370.0,4
8.009365514373467,6.67694892031115,3.8690399243474003,255723.32868961847,159.9270348277789,229.33327169352575,143233.049189648,673273.0136168668,3009.0073351788974,12.642273546756199,15983.669490013797,9.989793431258624,0.06631402267463016,0.99625,814.0,356.0,0
6.334311214893318,5.809166498564763,4.754870413378069,194599.80922384793,121.70094385481421,374.0936497837078,164067.95423868307,2484741.3440322015,563.5810830095355,11.028367094221382,11965.102124542516,7.478188827839073,0.06182448686145548,0.99625,779.0,382.0,2
5.273304058568611,4.269919783318784,4.171928669964072,106715.08320979096,66.7386386552789,22.142811161163507,34335.8624974462,68554.13472524205,195.05938654208856,8.166818658824216,9926.422752248509,6.204014220155318,0.07183481557453628,0.996875,817.0,345.0,2
0.49234195269539316,0.368005695673817,0.24668760867663012,593.99400753852,0.37147842872953096,0.021417187629406104,0.37755213475248334,0.04519600361883309,1.636143507240017,0.6092998069190364,944.9901231915054,0.5906188269946909,0.03326833369536315,0.9875,781.0,374.0,4
8.90265144509286,7.908938826289304,6.71685522334846,322103.69272110565,201.44070839343692,120.66262222937472,229683.28983440515,149012.46658456087,7351.439659688014,14.188544955374777,16996.322471265437,10.622701544540899,-0.13363129661393316,0.994375,801.0,333.0,1
8.04318012812715,7.45467555937012,6.929035088552601,283398.8586147707,177.23505854582282,113.69137244847542,194333.81609137572,891012.1244817397,3112.49560314301,13.308804853713637,15536.898123186287,9.71056132699143,-0.0683109586632264,0.995,794.0,355.0,1
6.718529103583526,5.9088053732232915,6.070234242265299,191424.28945352632,119.7150027851947,122.62211172911788,91222.55222198168,507751.17666132655,827.5993029228487,10.938015400814443,13206.505634646715,8.254066021654197,0.08013278684008401,0.99625,810.0,376.0,1
5.457079759648498,4.266037030630582,3.463848910300828,109339.64803930452,68.38001753552503,191.80274356779447,40097.28115219585,498048.2638427911,234.41188483735007,8.26663656057077,10739.103015953115,6.711939384970697,-0.008201592972757271,0.995,790.0,369.0,2
5.595095154658309,4.7284124166455435,3.1412159263156347,148807.7111966926,93.06298386284716,573.1699514736036,142414.58247992446,4792233.858181023,269.1032553023269,9.643900637083155,10916.409355710148,6.8227558473188425,-0.016187665731690615,0.99375,795.0,348.0,2
5.1835448550220455,4.483224966954568,3.204130741414167,124048.22740721746,77.57862877249372,34.23172441093524,79370.17500520436,84069.7962793304,178.31378849939716,8.80512022232013,9881.385135176894,6.175865709485558,0.03928277989607873,0.99625,800.0,372.0,2
5.330012590915625,4.366269929769665,3.6242177553285297,133172.21308536828,83.28468610717215,12.101884033356791,92916.09168894969,190089.3925112842,206.44057341578446,9.12319204984501,9910.680754376514,6.194175471485321,-0.07532585537898041,0.993125,796.0,357.0,2
1.8565265308914047,1.596096587689952,1.149901395968172,13590.43089703663,8.499331392768374,0.9660524141048665,825.58624562941,1565.1079386424774,6.401462826516178,2.914450087177321,3568.9667179142007,2.2306041986963754,-0.04697539568595829,0.993125,786.0,381.0,3
5.276941787372297,4.439284543310567,4.533447619970096,128608.64702954213,80.4306735644416,192.89681885721498,78214.41286673509,876221.323353442,195.77025187468394,8.965511942631265,10269.237314231616,6.41827332139476,0.20825045954829155,0.996875,794.0,355.0,2
7.385484701877088,6.530427567951811,4.567592673672334,247063.39581866725,154.51119188159302,493.8541390190563,152863.29920694747,1209157.5318426036,1612.4091433563103,12.426368028779248,14751.586203363719,9.219741377102324,0.02073369046702891,0.99,789.0,368.0,0
0.4473743469954781,0.3353324837121997,0.21895075903205174,498.72945237974864,0.3119008457659466,0.01127601263824388,0.28632841674483533,0.016668985217246263,1.5641997431741863,0.558306284880748,851.6723187796433,0.5322951992372771,-0.054027176263994024,0.98875,789.0,365.0,4
5.703969262885498,5.133266203079638,4.000116505744398,148987.80487237664,93.17561280323743,127.7147353047744,109188.52133604679,1274970.2855762986,300.05604170259454,9.64973461009345,11433.586769516618,7.145991730947887,0.07366013874102577,0.9925,789.0,374.0,2
4.57551712133538,3.5896916235817877,3.2703661001038364,91390.28678391187,57.15465089675539,26.72313689103963,32612.232152859364,34435.321079614594,97.07822738168944,7.557706612454926,8642.784426789287,5.401740266743304,0.01984666509901282,0.995625,802.0,369.0,2
0.4485436410791289,0.3382189699640219,0.22353675061255832,506.90928726948994,0.3170164398183177,0.01750070795368373,0.29721056065835555,0.03776427914750967,1.5660298224214313,0.5628661515346532,851.7475932770834,0.5323422457981771,0.0254223809352785,0.9775,763.0,376.0,4
2.0062115639687033,1.6860518116273036,1.6566457312132445,15583.029011832114,9.74548405993253,1.7557736047715327,971.7090666669972,724.246940720437,7.435096537087422,3.1208000788892374,3730.710352736266,2.3316939704601665,0.08224944139570126,0.988125,777.0,357.0,3
1.0030567317929169,0.7652382634360433,0.39182040194959555,9173.296089282418,5.736895615561237,4.073398874281424,5115.212574725925,1477.383530015819,2.726603599177154,2.394433138720209,1919.8516671709792,1.199907291981862,-0.05148731493783433,0.99,811.0,363.0,3
5.248903267699429,4.3590885015061795,3.088778302061242,124527.17321593539,77.87815710815221,60.9328885054818,81066.33644886984,521859.9640412432,190.35738284335054,8.822101975150797,9885.826933302755,6.178641833314222,0.046687692210878234,0.99625,801.0,387.0,2
1.3566294729546429,1.0247394099315472,0.48457681278712267,15257.30965979562,9.541782151216772,28.864538760813407,7496.935859509036,55638.82554093131,3.8830831833134316,3.0880120688514583,2530.6011401016003,1.5816257125635003,-0.08739503583718222,0.98875,804.0,354.0,3
5.981527284563316,4.985726194259869,4.85604104235649,146219.43481407716,91.44429944595194,12.91693607795462,58813.35681847783,243948.79855152773,396.04477956193665,9.559662481426749,11617.57869331779,7.260986683323619,-0.10460938169166067,0.9975,782.0,384.0,2
6.737679813232143,5.816110971091937,3.774337137564796,200457.11332858662,125.36404836059201,148.03172686147883,96484.52330854184,624943.1984765329,843.6011512005582,11.193109301278472,13325.431234873642,8.328394521796026,0.09108904903234145,0.994375,798.0,398.0,0
0.4573749107874065,0.34315955688173,0.23453783088937613,522.7198030112841,0.32690419200205384,0.007577231629761757,0.31448000622190536,0.043159103746576354,1.5799211026926143,0.5715766587974465,866.0316135790227,0.5412697584868892,0.031944553013576994,0.989375,777.0,374.0,4
6.7033756835318785,5.3674613569142275,2.7273348536414876,187982.6817457104,117.56265274903716,362.89898742220055,81222.81545435256,704416.6101741533,815.152884124991,10.839242413151807,12995.766106080808,8.122353816300505,0.0866557052062438,0.994375,801.0,383.0,1
5.298635189763888,4.657826817409035,3.4023232553881972,129880.83513618479,81.22628839035947,223.2020312813661,66030.51936389477,770383.6488730499,200.06357474540104,9.009745943150422,10177.925337595056,6.36120333599691,-0.020364911300515404,0.993125,789.0,369.0,2
1.6244270385261774,1.3495359328258518,1.0941464180614218,10802.415635423571,6.755732104705173,1.8358507748167876,642.755825454522,1929.0465159623677,5.075510132148679,2.5983667508917465,3129.445972180346,1.9559037326127162,0.05912328772098996,0.99,807.0,379.0,3
6.658648539563303,5.637078057604676,5.8048622840905155,189417.86947153744,118.46020604849122,211.9302993808518,104425.92738320764,1237759.1329033368,779.4967659122393,10.880540814670514,12452.706401962221,7.7829415012263885,-0.03723950239986631,0.990625,791.0,368.0,1
7.299896769289994,6.362409958558885,4.301331528220993,210477.33487082884,131.6306034214064,159.81159142406142,92959.63360088736,203695.66686625764,1480.1471230592085,11.469452222938461,14143.786929248414,8.83986683078026,-0.038307391615337166,0.996875,805.0,347.0,0
0.4251918315260346,0.32251749570988986,0.21804013196394365,449.513072779121,0.28112137134404064,0.012711699699859367,0.2263392855109008,0.026217065550938383,1.529883871473544,0.5300430836139177,759.3313013337599,0.4745820633336,-0.012870218054354676,0.9875,773.0,345.0,4
4.115642756092898,3.597399930525559,2.5571825781448307,82223.8300876528,51.42203257514246,25.016835902910262,37840.46758525699,363968.40033580654,61.29159715211285,7.168674480319426,7590.367518252646,4.7439796989079035,0.046648975338095366,0.991875,810.0,372.0,2
1.6078333948390375,1.3346175930872386,0.8937488401160494,13000.127329002935,8.13016093120884,1.7826069428162037,1295.046502528928,504.91298136552683,4.991983844775541,2.850452522079053,3023.7465981797127,1.8898416238623206,-0.018955605807811846,0.995,806.0,369.0,3
6.636882687652786,5.75349235075198,3.819515361173676,171217.79654376023,107.078046618987,249.59305171843727,58036.16527379979,384208.54577925877,762.7136665491121,10.344618061574344,13098.009603670738,8.186256002294211,-0.05287291741055895,0.995625,799.0,343.0,0
1.2097941507341516,1.011013315246085,0.7950364388536747,5418.763846247008,3.388845432299567,0.015744023127977444,98.08496350305288,53.80689618902521,3.3527944112405366,1.840306334256441,2329.9104892792666,1.4561940557995416,-0.007602592891638397,0.9925,780.0,358.0,3
1.3625680607765263,1.051734070003189,0.5095260068848421,14931.282841351745,9.337887955817227,13.53042464265001,5771.614907225597,7659.628297536052,3.9062118215691917,3.054840712024907,2544.212353710792,1.5901327210692449,0.04658398372573885,0.989375,808.0,364.0,3
6.533814165169413,5.7826719426907935,5.995792162916557,182904.96088037686,114.38709248303743,3.234672952090655,75894.16382795546,34236.25464465599,688.0174253590736,10.691847387156045,12656.02978833367,7.910018617708544,0.08925196917546932,0.993125,810.0,387.0,0
0.40747522027365973,0.3058036903041813,0.20274875305014275,419.9627793728809,0.26264088766283983,0.0012973329725256353,0.20005113113154602,0.01921506480709479,1.5030182006929433,0.5123248355370356,741.4592925552428,0.4634120578470267,0.04013692837569437,0.986875,780.0,348.0,4
6.8165575984340006,5.484801265034549,2.7971083054094605,189823.51808928908,118.71389499017454,310.883429002195,85834.40213211351,858864.9015519308,912.8372428958196,10.89218521720071,13265.124106054986,8.290702566284367,-0.018271077890842556,0.995,798.0,394.0,0
1.695385477479395,1.23654496043198,0.31910109793623903,30825.231179568607,19.2778181235576,207.56232043213237,24981.904181071095,712917.2256881552,5.4487459292890525,4.389278925658562,3188.8600747368096,1.993037546710506,0.10862138962118713,0.991875,781.0,377.0,3
5.456519161042012,4.427488812477142,4.480868975787171,135980.8299793234,85.04116946799462,409.78396401032137,86131.85472027426,1969654.0869216835,234.28051068888723,9.218894659181062,10252.348172554317,6.407717607846449,-0.002659850000932794,0.99125,801.0,347.0,2
0.4224112787611351,0.31500603991145354,0.2071295116755918,449.4008783654005,0.28105120598211414,0.013214172774387531,0.23747056522175386,0.03891062518935935,1.5256358572954798,0.5299769324964769,781.9342785186387,0.48870892407414923,0.01045108667130214,0.98375,797.0,366.0,4
0.42842130614147494,0.32530495004674165,0.23023099542503364,447.50543808697796,0.2798658149386979,0.03337561044896102,0.2137834586150315,0.05041283969742463,1.5348325791629251,0.5288581083848116,810.376058317643,0.5064850364485269,-0.028140748967431968,0.99,759.0,340.0,4
0.4539950336502862,0.33838268704091734,0.2264356404355759,516.883762900034,0.3232543858036485,0.011095709052940477,0.31510291622725195,0.02648327131598471,1.5745901774901245,0.5683769451803277,846.8922503792683,0.5293076564870427,0.01461117905257361,0.983125,798.0,352.0,4
7.042321281518849,6.0650517188932405,3.8657260746448,204593.79192647384,127.95108938491173,394.02647833929575,91804.83833594288,490755.7952120735,1144.040166063597,11.308011317382299,13871.35509009218,8.669596931307613,-0.08606657850893112,0.994375,789.0,361.0,0
8.732559710636734,7.816558681786003,7.4478665261810395,296708.001654068,185.55847508071795,520.0451380650227,163213.5288180594,1218132.765121794,6201.582067357452,13.617727454821251,17266.01761917613,10.791261011985082,-0.05476848105437904,0.9925,804.0,376.0,0
6.517075281228638,5.803822766232219,4.306256034206467,204035.32797481262,127.60183112871333,161.62569805539405,157547.37407267967,214605.1222825341,676.5966338435446,11.29256746644703,12403.99564208366,7.752497276302288,-0.0435067693022224,0.99375,791.0,366.0,2
1.425241417546216,1.206370761640269,0.859119620432431,8685.531834330752,5.431852304146812,4.758320206049167,725.8137302182746,2403.4078709430046,4.158861743768694,2.3299050187629367,2705.14701382051,1.6907168836378188,0.03998550646000536,0.994375,795.0,368.0,3
1.1881497432363743,0.9470345591696551,0.639724826917812,6268.313621783302,3.920146104930145,14.396848670881253,761.1657160904983,15163.862204905527,3.281004886257202,1.9793170573747307,2245.0840703375598,1.4031775439609748,0.034289288956870244,0.988125,796.0,355.0,3
8.371155863820514,7.599167515211435,7.682569789096317,288821.82390594645,180.62653152341866,23.397528645317205,194691.62662988022,461068.80885634094,4320.627234286446,13.435536459003657,15636.821165297042,9.773013228310651,0.039025721665703623,0.996875,799.0,376.0,1
6.053496019157892,5.067804251107654,4.577874017950998,161007.8479769984,100.69283800937986,236.27790933718208,80501.63974616998,799419.251694206,425.5983321323878,10.031445807341232,11702.924260289936,7.31432766268121,0.013455927600658696,0.989375,793.0,362.0,2
6.073684913599326,5.279190468000991,3.517169786692788,166081.56994372545,103.86589740070384,51.890629820570695,77142.61702241274,299170.8570207205,434.27801371017006,10.188276655785728,11618.952260300879,7.26184516268805,0.09902818786717163,0.99,795.0,376.0,1
0.5758744028064753,0.40433434231199583,0.28081973824728457,1008.8306146641871,0.6309134550745386,0.10075540503015855,4.333843152607014,5.415171248280554,1.7786851344117725,0.7940523497636142,1063.8947765419725,0.6649342353387329,-0.04444042779579403,0.988125,785.0,356.0,4
7.863424887417957,7.155449750301761,6.3081358056317445,264699.46248960757,165.54062694784713,218.31513208468962,181947.99301700282,870028.5658588371,2600.41125738387,12.862237910099655,15199.481958048224,9.49967622378014,-0.03246123854976373,0.995,804.0,369.0,1
2.243089908568445,1.8132623769675487,1.722235635099466,22928.33209723433,14.33916954173504,23.199999017231754,3798.6602548461015,44382.07551770758,9.422400710074674,3.7855260612986745,4317.362607207242,2.6983516295045264,0.01141222640401281,0.990625,785.0,375.0,3
1.3426994793994675,1.0979827411811163,1.0086492917865677,8541.101824452016,5.341527094716708,5.558151875447018,1033.1259213315016,6526.855718872534,3.8293668622102968,2.310452042411292,2481.2197940148585,1.5507623712592866,0.004428087704919294,0.99,803.0,355.0,3
1.0873974105727346,0.8197712072154935,0.4233035543423806,8819.33132622434,5.515529284693145,30.7409511336441,3101.6811007891306,62904.994430437284,2.9665433226556748,2.3477823746868474,2043.5134717216322,1.27719591982602,-0.002035846411404252,0.99125,799.0,367.0,3
8.810173564398205,7.340276372531592,5.154505471345621,284735.0836477103,178.0707214807444,98.67408868825547,162808.26668547303,474681.08178361104,6702.082408975325,13.340143450496285,17387.952134021813,10.867470083763633,-0.007067660477531712,0.995625,802.0,374.0,1
4.401423302666452,3.7873880778192888,3.5629635558586643,81735.91488420438,51.116894861916435,32.233483639320205,21461.64121984162,133409.96903671243,81.56688044387639,7.147373419839469,8515.358634212189,5.322099146382619,0.03991185405739802,0.996875,793.0,385.0,2
1.6086623836470932,1.263935855014566,0.9050803663699221,14396.788041764506,9.00361978847061,3.9378548969564555,4304.768067686983,12816.930982150328,4.996123859288592,2.9996654023578726,3014.179423737153,1.8838621398357205,-0.004629576250485629,0.989375,799.0,347.0,3
3.0103989813169365,2.4435907350636823,2.546377526935314,42143.44176052756,26.356123677628243,37.61509799404767,7228.677844358819,39651.48836765722,20.295495833730914,5.132216977128863,5651.816834841894,3.5323855217761837,0.1066301505439767,0.99375,785.0,352.0,3
7.107396803767754,6.2937985018302,5.240828068974416,197366.4063471144,123.4311484347182,124.32492682849147,84254.98974762332,356324.6678913879,1220.9649940130648,11.106484770932092,13770.237794212111,8.606398621382569,-0.08740631548667069,0.991875,795.0,355.0,0
5.218892789066707,4.612516948290391,3.6066124611961587,108616.3274523115,67.92765944484772,0.2649334041889651,28685.313136029275,85676.60898867784,184.72953623520803,8.239247821111748,10273.889145048362,6.421180715655226,0.04251254640370787,0.995,793.0,389.0,0
5.062465088594845,4.510320746984998,3.2606383342455865,115203.73654359792,72.04736494283797,123.85776885959078,40517.358024992776,195172.51388847068,157.97947011362484,8.485418984337114,9557.244180135924,5.973277612584952,0.03742166777912053,0.988125,784.0,363.0,0
3.633108635406379,2.989828530561305,2.6608782866701337,59293.45110127039,37.08158292762376,14.06129583737802,18888.587377832293,22651.60070066692,37.83023442421181,6.087561657863844,6859.999929850219,4.287499956156387,0.0827392894068154,0.9925,798.0,372.0,2
7.6210204802149475,6.843572881171106,6.9966953870244835,235721.84919227485,147.4182921777829,27.639519613330126,121341.40729650587,109227.5009020513,2040.6435039615224,12.13779863670393,14289.394339907167,8.93087146244198,-0.05688573757133434,0.993125,806.0,340.0,1
6.768644876791956,5.750837224208497,5.823018036442888,200193.8733340335,125.19942047156567,46.95302807525486,100971.89244754834,72138.95279576784,870.1319586812132,11.185757499327927,13288.959351742387,8.305599594838991,-0.06951110237477102,0.9925,785.0,369.0,0
4.456557655698082,3.8038507915477364,2.980195715503948,83155.75564322932,52.004850308461116,25.15709648713628,22549.113960650116,137092.41939495545,86.19030115172872,7.209184924595729,8462.42124593553,5.289013278709706,-0.02955533460789805,0.991875,791.0,369.0,2
5.612769975072512,4.458213075726327,3.195771972250018,132995.76441355931,83.1743367189239,51.7390042369434,80029.91874980828,620881.8696646964,273.90188958879236,9.117146086274728,10422.173622871438,6.513858514294649,0.0002361124886157244,0.989375,805.0,364.0,2
8.447802013666497,7.457605306912353,7.018982629698497,268007.7154817012,167.60957816241475,44.73785502691026,145291.2679177237,395246.4146897326,4664.808274236274,12.942365401118268,16461.337053516676,10.288335658447922,0.030174807842487793,0.9975,788.0,373.0,1
1.8230795297181226,1.4319806724732258,0.7628260409094113,15835.398688992445,9.9033137517151,24.966356154891624,3344.227736193414,50399.298960499524,6.190894166880359,3.145969513619018,3473.4170678467185,2.170885667404199,0.041967686922560477,0.995625,794.0,378.0,3
0.4295666683096759,0.3193677015285227,0.211268999743804,462.52032957845455,0.28925599098089716,0.01764910371740112,0.24078669833795527,0.07030107884661278,1.5365915254565994,0.5376571453877779,802.12115627555,0.5013257226722188,-0.045646718136204696,0.981875,793.0,372.0,4
1.3982188508740896,1.1381581023413412,0.9705755779903094,10185.735324545754,6.3700658690092276,13.255289029116087,4111.821173927339,25656.247542703142,4.047983479696088,2.5231101002217673,2619.9909359270177,1.6374943349543862,-0.04144421458039242,0.99375,792.0,380.0,3
2.9173974933389997,2.497530259312203,2.343474939549862,31394.33918554198,19.633733074135073,16.433230546380063,2192.3250040616176,2278.4329681790837,18.493096371643365,4.429611945866561,5713.114954406825,3.5706968465042657,-0.005708844808748847,0.99625,814.0,355.0,3
6.778319016228046,6.0142782038793605,5.709129720236131,179273.5763765669,112.11605777146147,118.31520929143257,72204.7725101911,223998.9922643652,878.590585575886,10.58517761945232,13053.715104839956,8.158571940524972,0.17118571250440817,0.994375,798.0,355.0,1
0.4916509423597615,0.36725072743481113,0.24773101446705298,607.5477821125137,0.37995483559256643,0.00033516965222981087,0.4253312545723085,0.03516165594605685,1.6350133057013811,0.6162121094398593,928.5526277926276,0.5803453923703923,0.018216108318456714,0.980625,777.0,349.0,4
7.439004076369123,6.37296908121901,4.318566065729325,208564.7154898525,130.4344687241104,176.26723833894982,89961.7551077654,116419.29997957064,1701.0552561359777,11.417221517565375,14659.491569340134,9.162182230837585,-0.007107484636563313,0.9975,792.0,337.0,1
1.597201748752313,1.2996460272074486,0.7759804868506851,11069.342852190439,6.9226659488370474,5.31817603780215,894.3696302306994,2001.2194089228476,4.939191968800921,2.6302736136415588,3117.4502619250998,1.9484064137031873,0.07871871552357418,0.991875,807.0,382.0,3
5.075803604768476,4.165452469518422,3.519141498255432,115496.75573074594,72.23061646700809,38.549037050444404,56554.65417209812,76314.54372820802,160.10079806299476,8.49620340691748,9871.866806767624,6.1699167542297655,0.10601814711188397,0.989375,787.0,380.0,2
0.47621273944611764,0.3596431273230092,0.23815820173595945,558.0520977999234,0.3490006865540484,0.015191593459210782,0.340004504318634,0.018930104452695686,1.6099654826941099,0.5905781583541269,911.481321656757,0.5696758260354732,-0.05175579539211049,0.988125,770.0,364.0,4
0.44845761092105874,0.3393144658982875,0.2351872205455532,510.89748591180893,0.31951062283415194,0.013299518716402801,0.32026393138938886,0.03637349565641305,1.5658951024233414,0.5650760379762007,831.9770517128392,0.5199856573205245,0.009056451511084813,0.984375,785.0,362.0,4
4.4360614905174165,3.8715831721306433,2.6936144152946992,82707.0192294925,51.724214652590675,102.65156262334881,20635.26968593418,99505.06351564283,84.44171140819303,7.189707018956531,8368.157462835245,5.230098414272028,-0.009538660521901072,0.995,793.0,370.0,2
6.5993113836725925,6.055662600594294,6.056502490200687,188718.25694009295,118.02267475928265,188.51612959963728,89702.94004990473,588560.6758578494,734.589164940751,10.860428655792463,12882.808336529557,8.051755210330974,0.07345582755821062,0.99375,792.0,403.0,1
6.816360638553313,6.0498463709993064,6.241727214595317,202761.1367191174,126.80496355166817,181.03693544000126,114678.9730262116,378847.45443096856,912.6574682861424,11.257251460700715,12280.19857135605,7.675124107097531,0.05804684631796754,0.993125,807.0,350.0,1
1.539071942855444,1.1499637390373594,0.756967202224576,6829.173886670593,4.270902993540083,0.4781788523959274,76.8163884543662,63.11808862411688,4.660263272822057,2.0659703964890497,3051.004777048153,1.9068779856550955,-0.07087651216541424,0.9925,785.0,385.0,4
8.112734880503481,7.254071175047845,5.58834894440746,263532.4876523218,164.81081153991357,104.40837070662872,149489.6892296923,270086.92848572496,3336.691013952792,12.833853855436454,15917.8948854231,9.948684303389438,0.043127304609328315,0.9875,819.0,378.0,0
5.2117284554828505,3.950111888945443,3.2579629139381137,115152.7427509081,72.01547389049912,116.79370877576922,62367.5129976261,848500.8316851067,183.41080178221907,8.48354078314695,10255.096715024169,6.409435446890106,0.05411932568933221,0.998125,794.0,398.0,2
7.420315293719208,6.38469256454677,4.589909180566789,223251.58177246182,139.619500795786,148.21329390646895,113691.44809700208,971869.3681117541,1669.5598264950281,11.812376501271396,14547.297595599017,9.092060997249385,0.1091256236129881,0.99,798.0,392.0,0
1.2409888870198464,0.9321873008742831,0.6293601114208582,4765.310162334611,2.9801814648746787,1.3611805425632195,49.78212537706413,95.93956058041968,3.459032366238619,1.7257806498680914,2417.905177925505,1.5111907362034407,0.030975354752365847,0.994375,771.0,371.0,4
7.5099635017098585,6.906130556224967,6.279912387748871,238789.48962844035,149.33676649683574,110.02916014917128,130793.23842173067,70008.90789602084,1826.1468903611756,12.21652286936734,14488.298625556052,9.055186640972533,0.01733004393320759,0.99125,767.0,380.0,1
8.877293743883149,8.069375483325405,8.255639978684508,327589.7287215608,204.87162521673596,594.5645781425104,231401.71693878996,2227565.648315362,7167.36773307578,14.308863702299199,17649.586158917635,11.030991349323521,-0.015634563054998454,0.994375,802.0,381.0,0
8.301309735480261,6.962464066751051,4.067873711805777,274198.231398238,171.48107029283176,85.30941980917265,159925.2675433119,244570.67480873107,4029.1460550613524,13.090985242673629,16657.318471327035,10.410824044579398,0.03050555421040709,0.99375,798.0,360.0,0
7.184862140935129,6.44213835693198,6.33905497074124,220431.5796386561,137.85589720991626,15.74825167197243,130372.08064943769,593546.0471848252,1319.3073472620467,11.73753540033682,13315.391736932936,8.322119835583084,-0.010050866223095076,0.993125,806.0,341.0,0
1.9181545983366304,1.4867530625453442,0.938698147074989,19490.269425625313,12.189036538852603,46.26188688974117,5006.243557132871,39594.50930927187,6.808382668456537,3.490188876123443,3663.3245047866853,2.2895778154916786,0.09886924391394047,0.99375,826.0,360.0,3
5.2431878881183485,4.323371509171947,4.061072375565608,121316.72379647536,75.8703713548939,148.4580325737196,51939.18409513634,634499.3675107333,189.2725212952448,8.707637588507982,10058.276141991433,6.286422588744646,0.07726583857505577,0.99375,801.0,372.0,2
7.8256962397147,6.8163147707181295,5.894674593044321,237129.41603300034,148.29857162789264,315.8365147806049,122365.41966211276,637401.688192584,2504.1289780884085,12.173983942022645,14773.764423623305,9.233602764764566,-0.04606392657417151,0.995625,767.0,381.0,1
0.8195044374378521,0.6107634999444264,0.31160468506210287,2331.121102146814,1.457861852499571,0.25776188535459854,19.37740077141787,4.073800250766064,2.269374941566746,1.2070421238887061,1570.8627067255893,0.9817891917034933,-0.011578327707717748,0.991875,800.0,377.0,4
6.632531356058573,5.981619112972196,5.289753455982801,181915.72443789622,113.76843304433785,220.97481019350704,75122.40269389586,332581.186632627,759.4020566560891,10.662894905872662,12370.711760056587,7.7316948500353675,-0.05631116988576969,0.99125,793.0,368.0,1
4.978624677528964,3.974448940513,2.893142032443841,114027.71303340059,71.3118905774863,58.642978473736164,69504.7195880235,292344.37404673826,145.27444498777152,8.441997432235773,9660.621178055999,6.037888236284999,-0.03116667600047451,0.9925,791.0,357.0,2
8.265882480514726,7.128799080403948,4.512133133825022,272666.1143605361,170.5228982867643,680.7496694313338,166013.8120744225,2127480.5272633787,3888.9033453912384,13.05436024764657,16210.412992942485,10.131508120589054,0.005288559350586794,0.995,819.0,351.0,0
0.4337386882762756,0.3244546755951454,0.2207027110916033,477.29449103283775,0.29849561665593355,0.006563292282642095,0.28030398541069074,0.01825565022201082,1.5430156073623056,0.5461767634159509,768.089782896882,0.48005611431055123,0.01666281967249134,0.985625,791.0,333.0,4
6.038520299413497,4.851217268905465,3.384443392726128,121242.8699406643,75.82418382780757,71.5543313410389,38782.67034722779,5806.862937285602,419.27217837084265,8.704986715263567,11457.774993207404,7.161109370754628,-0.026828451673253872,0.99875,814.0,363.0,2
1.8195896962647424,1.4590188409757618,0.8102322576391746,17634.982552741625,11.02875706863141,35.31376411730252,3895.205926273997,58689.45294120489,6.169326632750635,3.3199192905044415,3441.8761620153086,2.1511726012595678,-0.06987248754166404,0.994375,785.0,373.0,3
6.850456671345614,6.479889649379859,6.459639618004822,207144.55126477638,129.54631098485078,263.123023441343,114055.03190810724,1198186.7613333755,944.3120484728872,11.378283901383602,13200.370370818597,8.250231481761624,-0.10956119241152729,0.99375,796.0,369.0,0
2.409425602089421,2.001303548640817,1.8158182041371123,20846.036196454443,13.036920698220415,5.75043408624431,966.8105783514741,1562.783852807777,11.127567657425864,3.609539115009564,4595.58229375658,2.8722389335978624,0.22299846496204573,0.9925,802.0,355.0,3
9.00555851541128,7.75531172670247,7.879936040669026,336485.70234087465,210.435085891729,426.8444715163233,267849.6441796259,828784.3534440218,8148.250457599415,14.501846915584466,17271.325788214515,10.794578617634071,0.1604831116135339,0.995625,793.0,345.0,1
0.48230850771941064,0.3589679981572624,0.23636990976071984,579.9267930774422,0.3626809212491821,0.006216387499243032,0.38036769843559437,0.018318417219467732,1.6198094319392706,0.6020417308404804,922.3239614153065,0.5764524758845666,-0.03989960190348264,0.9875,782.0,367.0,4
0.5353208195623228,0.3963840325809471,0.26738530372861274,1019.7055996972995,0.6377145714179484,4.2137464910744213e-05,27.291173402967683,3.4507242433162695,1.7079961129310965,0.7983207374300209,1040.4003856172812,0.6502502410108008,0.019946628699476353,0.99125,788.0,370.0,4
8.21957100169263,7.192328966724111,6.605503030741351,258966.60687898955,161.9553513939897,452.84348786159916,153792.79657857466,1593123.7551623983,3712.909209035294,12.722190428513812,15521.43485699141,9.700896785619632,0.08167339277348064,0.9925,801.0,367.0,1
1.2830412947854715,0.9972744734240616,0.48423590273381106,9845.680100966561,6.157398437127306,10.646453629061446,1649.202294356116,16104.799814621743,3.607594817599941,2.480635012069309,2451.567932466573,1.532229957791608,0.03483809213650266,0.98625,786.0,378.0,3
6.309497448038034,5.595583032806287,4.040107307270529,168786.38964864603,105.5574669472458,143.54283718318644,70089.38313391502,99900.08927996192,549.7685920914649,10.270905195278738,12462.30344673309,7.788939654208182,-0.08731846555738573,0.994375,806.0,340.0,0
6.327877700881025,5.581824047906855,3.9590850071776287,161532.07418060146,101.02068429055751,81.13896450892292,57762.43005318827,142830.84983659792,559.9669145824239,10.04776325173299,11969.028391118227,7.480642744448892,-0.07436145053582054,0.991875,810.0,354.0,1
8.00533583301769,7.2555738604254865,7.444716122561547,261772.54270141054,163.7101580371548,599.2306444962325,155745.0026563865,1972060.1099088904,2996.906392267863,12.79092800340857,15722.144985510742,9.826340615944215,0.05491327955698723,0.9925,811.0,354.0,0
5.904675176141511,5.349880373248258,4.127238228242793,158339.1708482945,99.02387169999656,25.039136972366386,79248.3591625482,425161.87208280305,366.7480779117131,9.947963700184278,11704.332433855247,7.315207771159529,-0.10296137766984684,0.99125,782.0,371.0,2
5.958720030976378,5.2497328861320804,3.8133435020890785,173825.33289262513,108.70877604291753,254.2492929585071,135859.5701495663,2175140.98603408,387.1143126649393,10.423091338844284,11497.23595279696,7.1857724704981,-0.03753840963652616,0.99375,798.0,353.0,2
7.084283486576601,6.230795198197303,4.28377474918768,203045.06420942873,126.98252921165025,88.27744399425599,87283.79288762543,149566.12943703023,1193.0680798655208,11.265130497730285,13802.57921806006,8.626612011287538,0.05780453004393021,0.995,809.0,381.0,0
1.510952393539663,1.2136169493657278,0.9222007491473212,11341.08132018956,7.092608705559449,4.335676209300597,2227.752299539254,10894.75032438947,4.531044077123847,2.6623628274745865,2989.560444729548,1.8684752779559677,0.018861321872325636,0.993125,814.0,334.0,3
1.2576606824831182,0.9617875720422415,0.7025200715366392,4887.7658880910885,3.056764157655465,0.18961898960096935,52.23179768046327,2.5450336185277185,3.517184045877733,1.7478139718107675,2496.452745912157,1.560282966195098,0.0518690520667223,0.994375,774.0,392.0,4
5.71284428897766,4.926911448264232,3.203317767900221,144891.87313410023,90.6140544928707,172.0712215418638,52971.8684063142,251591.64684391575,302.7308990589176,9.516166282112385,10901.279729615455,6.813299831009659,0.03224175395326575,0.990625,792.0,370.0,1
0.466773392550556,0.34892252222978426,0.229564013517532,556.0821458007277,0.34776869656080533,0.007609146119292789,0.3736031961628116,0.01899626997813595,1.594839959850071,0.5895348514934929,868.3038374089034,0.5426898983805647,-0.00476959743324162,0.98375,776.0,370.0,4
2.090125185770434,1.8162098084656726,1.6971371891278741,15839.28027186332,9.90574125820095,7.346344952502663,531.2052314689299,1550.3695161905414,8.08592734399271,3.1463550610054445,3985.5784006288336,2.490986500393021,-0.06472163513510215,0.98875,799.0,386.0,3
8.051792173654379,6.854360136592578,4.415912030832233,248980.5968341357,155.71019189126685,406.1018079414639,130367.25619795472,849652.9760288793,3139.4163117785743,12.474488888180343,15683.652135011906,9.802282584382441,-0.004511421256221566,0.99125,815.0,353.0,1
6.85214224164514,5.9614991388744984,3.962188403080519,187375.31454987446,117.18281085045307,162.72192613548418,77277.75730361546,199881.7033231856,945.9050950340907,10.82171758981316,13249.402080339198,8.280876300211998,-0.003295623987911084,0.9925,819.0,361.0,0
6.87759847304511,5.125205605649487,1.5953565616065553,245663.7957550687,153.63589478115617,302.9051352685216,201151.39931474475,624370.531428402,970.2933738573598,12.391120705848925,13368.768064243617,8.35548004015226,-0.007296706577062238,0.99375,806.0,361.0,1
2.323104634241511,2.020343660216463,1.5803968501716645,21507.00716641134,13.4502859076994,8.925426616669531,1358.7742908398536,1348.1636677545578,10.207315144154254,3.666316881968481,4469.154586722209,2.793221616701381,-0.046280168177617126,0.995625,785.0,362.0,3
7.11740454087399,6.182948900589374,4.031481789725206,215775.7365085153,134.94417542746424,118.07261314722044,111956.25598907501,560413.5577165013,1233.2454379208843,11.61291674463492,13812.59051912403,8.63286907445252,-0.040403478534452635,0.995625,799.0,359.0,0
8.441395651132616,7.613522396488203,7.6284616060387975,284192.078209501,177.7311308377117,94.71317759008421,177335.00188603505,345339.38873855665,4635.019342510258,13.327417187172394,16878.03904110002,10.548774400687511,0.058990363708021284,0.995,804.0,406.0,0
1.4727944947942242,1.1358061764261735,0.5654601810441311,11644.727805884351,7.282506445205973,4.105349004612198,2837.285955639741,1022.7668282266843,4.361406053879138,2.6977684998305023,2671.91455140594,1.6699465946287126,0.07240042766398311,0.98875,804.0,364.0,3
8.044672194959931,7.276011082281319,5.658902158185958,267285.62749305053,167.15799092748625,247.19568465309047,160351.95210498208,647623.9003400095,3117.1431209410034,12.92491845943937,15812.681911437969,9.88292619464873,-0.10471580531791504,0.995,785.0,361.0,0
2.398097674459234,2.0113755576444037,1.6401124217731848,21755.252717873394,13.60553640892645,0.9904904957533256,1306.1822404916934,1680.775177938632,11.002226643600094,3.687415483596997,4630.845457005932,2.8942784106287074,-0.0044256802500168314,0.991875,797.0,355.0,3
7.435122627849201,6.576411907705797,4.970865427164338,197521.726629572,123.52828432118324,241.21167617872226,71819.41359359579,468719.1495342335,1694.4654949124708,11.110854114040132,14610.752444868604,9.131720278042877,-0.06063954994080012,0.99625,805.0,361.0,0
1.9211452903494293,1.590412598471268,1.4182789429773903,14499.526495548253,9.067871479392277,5.835849422024437,1042.5093807425342,3102.490374034375,6.828774922399271,3.0103494912912785,3793.2398601150585,2.3707749125719118,0.02152076629735896,0.990625,791.0,375.0,3
7.58858132447909,6.177540887893693,6.070952357407325,228697.9034246622,143.02558062830656,127.63510192075057,116893.92366175693,63964.49654983625,1975.5089186670323,11.955592400229019,14834.850200813293,9.271781375508308,0.0649059092678732,0.995625,810.0,369.0,1
7.860271745148789,7.032289756399939,7.098172836746483,242957.6527366343,151.94349764642547,390.61267283145486,123654.0389144295,840923.8184826135,2592.2247041971664,12.322683675255016,15168.3465903283,9.480216618955188,-0.12400881783973375,0.99375,801.0,341.0,1
